-- MySQL dump 10.13  Distrib 5.7.17, for macos10.12 (x86_64)
--
-- Host: seesharecrunch.crs3fmrqbgr5.ap-southeast-2.rds.amazonaws.com    Database: spotcrunchdbstg
-- ------------------------------------------------------
-- Server version	5.6.34

/*!40101 SET @OLD_CHARACTER_SET_CLIENT=@@CHARACTER_SET_CLIENT */;
/*!40101 SET @OLD_CHARACTER_SET_RESULTS=@@CHARACTER_SET_RESULTS */;
/*!40101 SET @OLD_COLLATION_CONNECTION=@@COLLATION_CONNECTION */;
/*!40101 SET NAMES utf8 */;
/*!40103 SET @OLD_TIME_ZONE=@@TIME_ZONE */;
/*!40103 SET TIME_ZONE='+00:00' */;
/*!40014 SET @OLD_UNIQUE_CHECKS=@@UNIQUE_CHECKS, UNIQUE_CHECKS=0 */;
/*!40014 SET @OLD_FOREIGN_KEY_CHECKS=@@FOREIGN_KEY_CHECKS, FOREIGN_KEY_CHECKS=0 */;
/*!40101 SET @OLD_SQL_MODE=@@SQL_MODE, SQL_MODE='NO_AUTO_VALUE_ON_ZERO' */;
/*!40111 SET @OLD_SQL_NOTES=@@SQL_NOTES, SQL_NOTES=0 */;

--
-- Table structure for table `admin`
--

DROP TABLE IF EXISTS `admin`;
/*!40101 SET @saved_cs_client     = @@character_set_client */;
/*!40101 SET character_set_client = utf8 */;
CREATE TABLE `admin` (
  `id` int(11) NOT NULL AUTO_INCREMENT,
  `qr_code` varchar(200) DEFAULT NULL,
  `active` tinyint(1) DEFAULT NULL,
  `realm` varchar(512) DEFAULT NULL,
  `username` varchar(512) DEFAULT NULL,
  `password` varchar(512) NOT NULL,
  `credentials` text,
  `challenges` text,
  `email` varchar(512) NOT NULL,
  `emailVerified` tinyint(1) DEFAULT NULL,
  `verificationToken` varchar(512) DEFAULT NULL,
  `status` varchar(512) DEFAULT NULL,
  `created` datetime DEFAULT NULL,
  `lastUpdated` datetime DEFAULT NULL,
  `modified` datetime DEFAULT NULL,
  `otp` int(11) DEFAULT NULL,
  `otp_generated_at` datetime DEFAULT NULL,
  PRIMARY KEY (`id`)
) ENGINE=InnoDB AUTO_INCREMENT=2 DEFAULT CHARSET=utf8;
/*!40101 SET character_set_client = @saved_cs_client */;

--
-- Dumping data for table `admin`
--

LOCK TABLES `admin` WRITE;
/*!40000 ALTER TABLE `admin` DISABLE KEYS */;
INSERT INTO `admin` VALUES (1,NULL,1,'admin','sptcrunchadmin','$2a$10$cZ42SBv5PYZQ4p2M0p5fJefLbq9kaeIchzTU2Tnrw.XTWTN/0Ryz6',NULL,NULL,'zapdish-stg@yopmail.com',NULL,'123456',NULL,'2016-12-13 08:23:04',NULL,'2019-08-16 12:55:15',NULL,NULL);
/*!40000 ALTER TABLE `admin` ENABLE KEYS */;
UNLOCK TABLES;

--
-- Table structure for table `app_user`
--

DROP TABLE IF EXISTS `app_user`;
/*!40101 SET @saved_cs_client     = @@character_set_client */;
/*!40101 SET character_set_client = utf8 */;
CREATE TABLE `app_user` (
  `id` int(11) NOT NULL AUTO_INCREMENT,
  `country_id` int(11) NOT NULL,
  `mobile_no` varchar(512) NOT NULL,
  `first_name` varchar(60) DEFAULT NULL,
  `last_name` varchar(60) DEFAULT NULL,
  `email` varchar(200) DEFAULT NULL,
  `password` varchar(200) DEFAULT NULL,
  `user_icon` varchar(200) DEFAULT NULL,
  `last_signed_in` datetime DEFAULT NULL,
  `handle` varchar(200) DEFAULT NULL,
  `active` tinyint(1) DEFAULT NULL,
  `total_post` int(11) DEFAULT NULL,
  `following_restaurants_count` int(5) DEFAULT NULL,
  `device_type` varchar(10) DEFAULT NULL,
  `device_token` varchar(200) DEFAULT NULL,
  `deleted_info` text,
  `realm` varchar(512) DEFAULT NULL,
  `username` varchar(512) DEFAULT NULL,
  `credentials` text,
  `challenges` text,
  `emailVerified` tinyint(1) DEFAULT NULL,
  `verificationToken` varchar(512) DEFAULT NULL,
  `status` varchar(512) DEFAULT NULL,
  `created` datetime DEFAULT NULL,
  `lastUpdated` datetime DEFAULT NULL,
  `modified` datetime DEFAULT NULL,
  `age_group` int(2) DEFAULT NULL,
  `gender` varchar(10) DEFAULT NULL,
  `cuisine_id` int(11) DEFAULT NULL,
  `full_name` varchar(60) DEFAULT NULL,
  `tmp_pass` varchar(512) DEFAULT NULL,
  `otp` int(11) DEFAULT NULL,
  `otp_generated_at` datetime DEFAULT NULL,
  PRIMARY KEY (`id`)
) ENGINE=InnoDB AUTO_INCREMENT=52 DEFAULT CHARSET=utf8;
/*!40101 SET character_set_client = @saved_cs_client */;

--
-- Dumping data for table `app_user`
--

LOCK TABLES `app_user` WRITE;
/*!40000 ALTER TABLE `app_user` DISABLE KEYS */;
INSERT INTO `app_user` VALUES (10,91,'+918805052691','neosoft','pune','abc@gmail.com','$2a$10$nOchgWVRHAUJOth0Yi22x.pf18tQD5IjbWVHisJeLrIDJZarE.E4y',NULL,NULL,NULL,1,0,NULL,'android','fO2AMmtrTps:APA91bF9RA61YbNZFRC2-fMye1sLYpLWVHmVISzdlIREHQyaEL3E4JY39sSQf3QP10twlgYs5Rd_UM8Og2SGbh5kkAy3C5i16lufBrEBzsVX3rCksZ3dSAcpCFhFzbT9dmgzf0OYYq75',NULL,NULL,NULL,NULL,NULL,NULL,NULL,NULL,'2019-08-21 05:54:48',NULL,'2019-08-21 09:59:49',NULL,NULL,NULL,NULL,'3489',NULL,NULL),(11,91,'+918329751920','Prabhu','dev','prabhu@yopmail.com','$2a$10$NS/2ljg2tJKeVLWQ5gRH.O5OyZyW9MoZ7bfc/Mfgt74vOcSI83yty',NULL,NULL,NULL,1,0,NULL,'ios','d589cdb052e3bea034397be7996a50336eb3fed1d1361f933d42e9d955b636f0',NULL,NULL,NULL,NULL,NULL,NULL,NULL,NULL,'2019-08-26 05:52:16',NULL,'2019-10-23 14:03:24',NULL,NULL,NULL,NULL,'6498',NULL,NULL),(12,91,'+918087423008','prashant','mhetre','p@123.com','$2a$10$CZRqqmE4ge5LDVwo8k4LXOAelMXNU9T/2spvXwpJ7Fa9qDKzGrmg.',NULL,NULL,NULL,1,0,NULL,'android','dfsjrkb9P2s:APA91bFF5mWP8XcZ6EfuSLeDuOwuh-1FM5MWzvsktkIOPXYCHhtvmNYuXk4Z2IHoHz_vS6anZliH-SS8RLiAuJi22hT7UEn2Cf7K6D11oYYj1vu8VaabmKU_rimxke7SUnnd9u91i15u',NULL,NULL,NULL,NULL,NULL,NULL,NULL,NULL,'2019-08-30 10:45:07',NULL,'2019-08-30 10:49:48',NULL,NULL,NULL,NULL,'3047',NULL,NULL),(14,91,'+918668638649','P','S','abc@abc.com','$2a$10$mQ7c99egzDx.ucuLLahq..0OXo0S/9HNIyrH2aDZqb4EeOUminZv2',NULL,NULL,NULL,1,0,NULL,'android','egvEItJKRBk:APA91bHfW7yJ1rGUNoNqE5bcLIYhTCEiN2rOAssd5UJWnhkM_ZgNDTlz3uhc03NZEVEwquO-QqgOdcTZNnTSiAD9CbJR8sDWJNN28_ijhcc03q6YRnML3XWM5GaoYhSRrq16jY1Qz8Wp',NULL,NULL,NULL,NULL,NULL,NULL,NULL,NULL,'2019-09-05 07:28:52',NULL,'2019-09-05 07:29:27',NULL,NULL,NULL,NULL,'8941',NULL,NULL),(17,2,'+61421930668',NULL,NULL,NULL,'$2a$10$vic4AR2ITNaK6OJ92WdVZu9AWnq.t0BFKPCz9aS2CHQexhZS/WV/e',NULL,NULL,NULL,1,0,NULL,'ios','144bde4de3665a36650c526daed455a832b24904e099c5b0cad1e44dca17a680',NULL,NULL,NULL,NULL,NULL,NULL,NULL,NULL,'2019-09-18 09:22:42',NULL,'2020-02-19 12:47:45',NULL,NULL,NULL,NULL,'8040',NULL,NULL),(18,1,'+9199XXXXXX99','Zapdish','','zapdish-team@zapdish.com','$2a$10$AYP6Of/118xn21ijs04kDOyXFAWnB55o7w/e/XqdqasUrhOjqVWNO','',NULL,'',1,0,NULL,NULL,NULL,NULL,NULL,'zapdish-team',NULL,NULL,NULL,NULL,NULL,'2019-09-20 13:08:10',NULL,'2019-09-20 13:08:10',NULL,NULL,NULL,'Zapdish',NULL,NULL,NULL),(19,1,'+9199XXXXXX99','Zapdish',NULL,'zapdish-team@zapdish.me','$2a$10$VJqZ/QTlHeEl/o0NFx5PsOla4UZN.QhtsbJ92ZdbXl1JOTJhR9ec.',NULL,NULL,NULL,1,0,NULL,NULL,NULL,NULL,NULL,'zapdish-team',NULL,NULL,NULL,NULL,NULL,NULL,NULL,NULL,NULL,NULL,NULL,'Zapdish',NULL,NULL,NULL),(20,1,'+919552247984',NULL,NULL,NULL,'$2a$10$UPZ51XgontFxvk.EqjwOY.CRs2r5BA7xMyb63BTEAtJywaxVeNmcq',NULL,NULL,NULL,1,0,NULL,NULL,NULL,NULL,NULL,NULL,NULL,NULL,NULL,NULL,NULL,'2020-02-12 07:02:13',NULL,'2020-02-12 07:02:13',NULL,NULL,NULL,NULL,'8238',NULL,NULL),(22,91,'+918149390734','Shankar','Tiwari','shakar@gmail.com','$2a$10$Rv1mWelWMtno7jm518C.x.RV0ZPUsfSbQxI0ee7iFJVEDKbb9oSsW',NULL,NULL,NULL,1,0,NULL,'android','ddcCmDCeqPQ:APA91bEYULfm_xoZ3h4YUyIsnCCAjF7QueNhTdnKTAZ2IJ4ofBVVjjxS7wkqU39TTUulQVNNQ1WEVH4NbGlQwzddqdnQYe9qkT5vP706rFxiHoRD8eyGSvJp1N9NmZSYdlyWWp5ZBLq1',NULL,NULL,NULL,NULL,NULL,NULL,NULL,NULL,'2020-02-12 07:16:55',NULL,'2020-02-12 08:29:28',NULL,NULL,NULL,NULL,'3626',NULL,NULL),(23,1,'+919673414730','Akshada','Kadam','akshadak099@gmail.com','$2a$10$CGwDxmnaHqHjNq8b3L76JujOmXML2ykUi0m8jVEuOisEOX0P0ZDlS',NULL,NULL,NULL,1,0,NULL,'ios','',NULL,NULL,NULL,NULL,NULL,NULL,NULL,NULL,'2020-02-12 07:48:45',NULL,'2020-02-26 09:20:40',NULL,NULL,NULL,NULL,'1239',NULL,NULL),(24,1,'+919766439770',NULL,NULL,NULL,'$2a$10$PJjYRS1s8P2aoRAJ8t4KMOOKuv4Xri/aEDYI759okCqBOvy5POXk.',NULL,NULL,NULL,1,0,NULL,'ios','',NULL,NULL,NULL,NULL,NULL,NULL,NULL,NULL,'2020-02-12 08:01:32',NULL,'2020-02-12 08:05:37',NULL,NULL,NULL,NULL,'9224',NULL,NULL),(25,1,'+919881722423','Chaitanya','Daphane','chaitanya@gmail.com','$2a$10$TJ3FVQe.pPug4lalW83VH./NPr59ZdorTtRDQ7sDh1W49CaVXV0V.',NULL,NULL,NULL,1,0,NULL,NULL,NULL,NULL,NULL,NULL,NULL,NULL,NULL,NULL,NULL,'2020-02-12 08:06:43',NULL,'2020-02-12 08:07:17',NULL,NULL,NULL,NULL,'2415',NULL,NULL),(26,1,'+919552034447','Srushti','Vyas','srushti@gmail.com','$2a$10$N4BC98N1yW6fSe9oKdHTius7wxPjJNgfkMKc51kxxY4KOJSkSBO/W',NULL,NULL,NULL,1,0,NULL,'ios','',NULL,NULL,NULL,NULL,NULL,NULL,NULL,NULL,'2020-02-12 08:10:48',NULL,'2020-02-12 08:50:53',NULL,NULL,NULL,NULL,'4828',NULL,NULL),(27,1,'+919511876343','Hello','Kadam','hello@gmail.com','$2a$10$ekCoWrJ8kQV.SLAUEaz0TumTiyJdPlDy3GdiRHBo.nMnP.L8pKetu',NULL,NULL,NULL,1,0,NULL,NULL,NULL,NULL,NULL,NULL,NULL,NULL,NULL,NULL,NULL,'2020-02-12 08:51:28',NULL,'2020-02-12 08:51:57',NULL,NULL,NULL,NULL,'1558',NULL,NULL),(28,1,'+919960289069',NULL,NULL,NULL,'$2a$10$I4T45EcMYpK7MN9RnSWtgeTvN6Gk.5iA9LEyeFajwm0RVu/u/NzLa',NULL,NULL,NULL,1,0,NULL,'ios','',NULL,NULL,NULL,NULL,NULL,NULL,NULL,NULL,'2020-02-12 08:54:37',NULL,'2020-02-12 08:57:21',NULL,NULL,NULL,NULL,'3036',NULL,NULL),(29,1,'+918806548219',NULL,NULL,NULL,'$2a$10$1n1ZYCNVf8VjQMswQzzov.GS1GDnYAIN4zILycB6UE75lijLuN7ZS',NULL,NULL,NULL,1,0,NULL,'ios','',NULL,NULL,NULL,NULL,NULL,NULL,NULL,NULL,'2020-02-12 08:59:12',NULL,'2020-02-12 09:00:42',NULL,NULL,NULL,NULL,'0741',NULL,NULL),(30,1,'+917972539042','Prius','Hello','priy@gmail.com','$2a$10$wxfxJyH7a46M4jfM8IUs/.PiEWxxwr/g6QfFI4lclHs4/6H6PkwJi',NULL,NULL,NULL,1,0,NULL,NULL,NULL,NULL,NULL,NULL,NULL,NULL,NULL,NULL,NULL,'2020-02-12 09:01:31',NULL,'2020-02-12 09:02:28',NULL,NULL,NULL,NULL,'0926',NULL,NULL),(31,1,'+919403735313',NULL,NULL,NULL,'$2a$10$FEhpRizkU82Dm5Y2GXHQhey/ydtsbzbuUyQrHXLOVz7XEU1LnbBfO',NULL,NULL,NULL,1,0,NULL,NULL,NULL,NULL,NULL,NULL,NULL,NULL,NULL,NULL,NULL,'2020-02-12 10:02:25',NULL,'2020-02-12 10:02:25',NULL,NULL,NULL,NULL,'5907',NULL,NULL),(32,1,'+918208276042',NULL,NULL,NULL,'$2a$10$oEmlzT8a8hgAcZLxUA2cxuezNf.lzBzPEbCU9F/EiobVrZfrOWSKa',NULL,NULL,NULL,1,0,NULL,NULL,NULL,NULL,NULL,NULL,NULL,NULL,NULL,NULL,NULL,'2020-02-13 09:25:46',NULL,'2020-02-13 09:25:46',NULL,NULL,NULL,NULL,'3838',NULL,NULL),(33,1,'+918793778719','shital','hello','shital','$2a$10$yLzlq44AoU4ag4qNIhuJFuXMjukjGPuVzdsxF.JBXyVJzyV.ZBBIi',NULL,NULL,NULL,1,0,NULL,NULL,NULL,NULL,NULL,NULL,NULL,NULL,NULL,NULL,NULL,'2020-02-13 09:32:12',NULL,'2020-02-13 09:32:39',NULL,NULL,NULL,NULL,'0222',NULL,NULL),(34,1,'+918888533695','Oskar','swami','swami@gmail.com','$2a$10$CryolrI2O/grdLfkD0gGIuUuSO0WjR1IYeFoJ0wCY/rTSW11WGAEi',NULL,NULL,NULL,1,0,NULL,NULL,NULL,NULL,NULL,NULL,NULL,NULL,NULL,NULL,NULL,'2020-02-13 09:36:07',NULL,'2020-02-13 09:36:37',NULL,NULL,NULL,NULL,'8439',NULL,NULL),(35,1,'+919960699280','may','hel','mayur@gmail.com','$2a$10$YHDiMtKhJfgzXQN8efY9B.vpCkQuxG.X181HtyWhzah7JeqiQjfHq',NULL,NULL,NULL,1,0,NULL,NULL,NULL,NULL,NULL,NULL,NULL,NULL,NULL,NULL,NULL,'2020-02-13 09:43:59',NULL,'2020-02-13 09:44:21',NULL,NULL,NULL,NULL,'8211',NULL,NULL),(36,1,'+919359612449','hello','win','helloash@gmail.com','$2a$10$.3wo.IXkGFpag7PKE1YjjeoPw3navTnu2gesYx.10RjX9d58KflYC',NULL,NULL,NULL,1,0,NULL,NULL,NULL,NULL,NULL,NULL,NULL,NULL,NULL,NULL,NULL,'2020-02-13 10:07:19',NULL,'2020-02-13 10:07:48',NULL,NULL,NULL,NULL,'0129',NULL,NULL),(37,1,'+918793224464','hello','din','hello@gmail.com','$2a$10$ff/OB.KOHrwxD1YmtSA25uQC5EdLu7bht8M68ZYTgAr02D2/FjmC.',NULL,NULL,NULL,1,0,NULL,NULL,NULL,NULL,NULL,NULL,NULL,NULL,NULL,NULL,NULL,'2020-02-13 10:14:02',NULL,'2020-02-13 10:14:51',NULL,NULL,NULL,NULL,'9639',NULL,NULL),(38,1,'+918788355225','nice','hie','niv@gmail.com','$2a$10$SPD4tbmsz1zI.AEB1bJVjOevZXTosEBt/9xOZ2oa5F8Ni4S/cGaFm',NULL,NULL,NULL,1,0,NULL,NULL,NULL,NULL,NULL,NULL,NULL,NULL,NULL,NULL,NULL,'2020-02-13 10:22:43',NULL,'2020-02-13 10:24:20',NULL,NULL,NULL,NULL,'2553',NULL,NULL),(39,1,'+919766305439','aksh','added','hell@gmail.com','$2a$10$1mlbXqQj3pF6Ics.VN5qSesSrbt4O8sOhJ4wxzlFaeVMSNNemVa9y',NULL,NULL,NULL,1,0,NULL,'ios','',NULL,NULL,NULL,NULL,NULL,NULL,NULL,NULL,'2020-02-13 10:30:48',NULL,'2020-02-13 11:56:35',NULL,NULL,NULL,NULL,'7153',NULL,NULL),(45,91,'+917218608924','vishakha','gahukar','vishakha@gmail.com','$2a$10$IoS4tlE0hH1hTyZYDw4Ve.R5aDscGLm5k3IXFqzeNho8ax/W.JMF.',NULL,NULL,NULL,1,0,NULL,'android','f_bNheU847M:APA91bHjAR3OFXaKYWmfOs3Iqbo72wcQkKiAsjEl1GbF0Nvc7TkFdAbXQ3reI5MEsEyEYtERmtHzYRk22C5PMonJvWZiwLhu-hNy4UHQ93iaGTOSZu9R7VQiHiHmcWR89x0DJ7Y1I2J1',NULL,NULL,NULL,NULL,NULL,NULL,NULL,NULL,'2020-02-13 12:28:06',NULL,'2020-02-13 12:28:41',NULL,NULL,NULL,NULL,'7228',NULL,NULL),(46,91,'+919405071062','sharad','pawar','sharad@gmail.com','$2a$10$6Xk5tK0SWHorTeKa4eIJcOv4NjZRiZ1o.DbkVVNJxjPI.XSukgn0a',NULL,NULL,NULL,1,0,NULL,'android','f_bNheU847M:APA91bHjAR3OFXaKYWmfOs3Iqbo72wcQkKiAsjEl1GbF0Nvc7TkFdAbXQ3reI5MEsEyEYtERmtHzYRk22C5PMonJvWZiwLhu-hNy4UHQ93iaGTOSZu9R7VQiHiHmcWR89x0DJ7Y1I2J1',NULL,NULL,NULL,NULL,NULL,NULL,NULL,NULL,'2020-02-13 12:41:59',NULL,'2020-02-13 12:42:33',NULL,NULL,NULL,NULL,'7371',NULL,NULL),(47,91,'+919463384577','mohit','bansal','mohit@gmail.com','$2a$10$cgwtx8F83hnS/f63tOewX.XotnWGg/mj.0MSZvs6mtt1zoN9foKxe',NULL,NULL,NULL,1,0,NULL,'android','f_bNheU847M:APA91bHjAR3OFXaKYWmfOs3Iqbo72wcQkKiAsjEl1GbF0Nvc7TkFdAbXQ3reI5MEsEyEYtERmtHzYRk22C5PMonJvWZiwLhu-hNy4UHQ93iaGTOSZu9R7VQiHiHmcWR89x0DJ7Y1I2J1',NULL,NULL,NULL,NULL,NULL,NULL,NULL,NULL,'2020-02-13 12:45:04',NULL,'2020-02-13 12:58:47',NULL,NULL,NULL,NULL,'7422',NULL,NULL),(48,91,'+919657647774','mugdha','sitaprao','mugdha@gmail.com','$2a$10$Q/WqCXUDyhJP9Y7TF8m9aeKHBUfKLfxWfsSa0jk9UK6LTj.DOFr1O',NULL,NULL,NULL,1,0,NULL,'android','fe3gipjCMgI:APA91bG3QIhJkrxrPwwDWBVUr6rGnJCmykNHVSEWEHUlsmXuoll2vxJcevHLD_1IsKJHorMa7UXCcJSXp8b2MvlKaEcTZQDXiyscO80-7hiEadusMoW8PwDWlhIx4Vc8SSSmEg04Wt5q',NULL,NULL,NULL,NULL,NULL,NULL,NULL,NULL,'2020-02-13 12:59:17',NULL,'2020-02-18 05:32:13',NULL,NULL,NULL,NULL,'0363',NULL,NULL),(49,91,'+918446652552','aniket','kanitkar','aniket@gmail.com','$2a$10$WYmGw2hw7cuTmuvSTHrBkuQfEBFXaI9mfnyAVnXVWlW8gTE75Q4Xu',NULL,NULL,NULL,1,0,NULL,'android','f_bNheU847M:APA91bHjAR3OFXaKYWmfOs3Iqbo72wcQkKiAsjEl1GbF0Nvc7TkFdAbXQ3reI5MEsEyEYtERmtHzYRk22C5PMonJvWZiwLhu-hNy4UHQ93iaGTOSZu9R7VQiHiHmcWR89x0DJ7Y1I2J1',NULL,NULL,NULL,NULL,NULL,NULL,NULL,NULL,'2020-02-13 13:02:07',NULL,'2020-02-13 13:05:00',NULL,NULL,NULL,NULL,'1709',NULL,NULL),(50,91,'+919726378920','dhaval','parmar','dhaval@gmail.com','$2a$10$zix1KmbgCpyBoSuTd17suuvQOpeBi0VLvAcbUcyruuXVKUgOrbGNK',NULL,NULL,NULL,1,0,NULL,'android','fe3gipjCMgI:APA91bG3QIhJkrxrPwwDWBVUr6rGnJCmykNHVSEWEHUlsmXuoll2vxJcevHLD_1IsKJHorMa7UXCcJSXp8b2MvlKaEcTZQDXiyscO80-7hiEadusMoW8PwDWlhIx4Vc8SSSmEg04Wt5q',NULL,NULL,NULL,NULL,NULL,NULL,NULL,NULL,'2020-02-14 05:17:17',NULL,'2020-02-14 05:17:57',NULL,NULL,NULL,NULL,'3776',NULL,NULL),(51,91,'+919511760134','prashant','jadhav','prashant@gmail.com','$2a$10$vYNZBXQ4jwwlJ3uCKgr3vOQR967h0aSZ9aoH9c1P1EHfm33Z5T7aG',NULL,NULL,NULL,1,0,NULL,'android','fe3gipjCMgI:APA91bG3QIhJkrxrPwwDWBVUr6rGnJCmykNHVSEWEHUlsmXuoll2vxJcevHLD_1IsKJHorMa7UXCcJSXp8b2MvlKaEcTZQDXiyscO80-7hiEadusMoW8PwDWlhIx4Vc8SSSmEg04Wt5q',NULL,NULL,NULL,NULL,NULL,NULL,NULL,NULL,'2020-02-14 05:20:23',NULL,'2020-02-14 05:21:06',NULL,NULL,NULL,NULL,'4342',NULL,NULL);
/*!40000 ALTER TABLE `app_user` ENABLE KEYS */;
UNLOCK TABLES;

--
-- Table structure for table `app_user_address`
--

DROP TABLE IF EXISTS `app_user_address`;
/*!40101 SET @saved_cs_client     = @@character_set_client */;
/*!40101 SET character_set_client = utf8 */;
CREATE TABLE `app_user_address` (
  `id` int(11) NOT NULL AUTO_INCREMENT,
  `address_title` varchar(512) DEFAULT NULL,
  `address` varchar(512) NOT NULL,
  `latitude` varchar(50) DEFAULT NULL,
  `longitude` varchar(50) DEFAULT NULL,
  `location` point DEFAULT NULL,
  `app_user_id` int(11) DEFAULT NULL,
  `created` datetime DEFAULT NULL,
  `modified` datetime DEFAULT NULL,
  PRIMARY KEY (`id`)
) ENGINE=InnoDB DEFAULT CHARSET=utf8;
/*!40101 SET character_set_client = @saved_cs_client */;

--
-- Dumping data for table `app_user_address`
--

LOCK TABLES `app_user_address` WRITE;
/*!40000 ALTER TABLE `app_user_address` DISABLE KEYS */;
/*!40000 ALTER TABLE `app_user_address` ENABLE KEYS */;
UNLOCK TABLES;

--
-- Table structure for table `app_user_order`
--

DROP TABLE IF EXISTS `app_user_order`;
/*!40101 SET @saved_cs_client     = @@character_set_client */;
/*!40101 SET character_set_client = utf8 */;
CREATE TABLE `app_user_order` (
  `id` int(11) NOT NULL AUTO_INCREMENT,
  `app_user_id` int(11) NOT NULL,
  `restaurant_id` int(11) NOT NULL,
  `total_price` decimal(9,2) NOT NULL,
  `paypay_paymentID` varchar(200) DEFAULT NULL,
  `payment_status` varchar(2) DEFAULT NULL,
  `order_status` char(2) NOT NULL,
  `tax_amount` decimal(9,2) NOT NULL,
  `currency_code` char(3) NOT NULL,
  `order_delivery_rating` int(11) DEFAULT NULL,
  `order_delivery_review` text,
  `dine_in` char(1) NOT NULL,
  `dine_in_seats` int(11) DEFAULT NULL,
  `approx_dine_in_time` datetime DEFAULT NULL,
  `delivery_address` text,
  `rewards_points_used` int(11) DEFAULT NULL,
  `IHF` decimal(9,2) NOT NULL,
  `payment_type` int(11) NOT NULL,
  `recon` int(11) DEFAULT NULL,
  `delivery_charges` decimal(9,2) NOT NULL,
  `payment_detail` text NOT NULL,
  `note` varchar(255) DEFAULT NULL,
  `expected_delivery_time` int(11) DEFAULT NULL,
  `accepted_time` datetime DEFAULT NULL,
  `created` datetime DEFAULT NULL,
  `modified` datetime DEFAULT NULL,
  `token` varchar(512) DEFAULT NULL,
  `order_status_note` varchar(512) DEFAULT NULL,
  `review_feedback_sent` tinyint(1) DEFAULT NULL,
  `set_status_automatic` tinyint(1) NOT NULL,
  PRIMARY KEY (`id`)
) ENGINE=InnoDB AUTO_INCREMENT=142 DEFAULT CHARSET=utf8;
/*!40101 SET character_set_client = @saved_cs_client */;

--
-- Dumping data for table `app_user_order`
--

LOCK TABLES `app_user_order` WRITE;
/*!40000 ALTER TABLE `app_user_order` DISABLE KEYS */;
INSERT INTO `app_user_order` VALUES (51,4,2,317.00,NULL,'C','DE',0.00,'INR',NULL,NULL,'2',0,NULL,NULL,NULL,2.00,0,0,0.00,'cod',NULL,60,'2019-08-19 04:46:53','2019-08-19 04:39:52','2019-08-19 04:54:01',NULL,'data',1,1),(52,4,2,427.00,NULL,'C','DE',0.00,'INR',NULL,NULL,'2',0,NULL,NULL,NULL,2.00,0,0,0.00,'cod',NULL,20,'2019-08-20 06:34:31','2019-08-19 08:07:57','2019-08-20 06:44:01',NULL,'data',1,1),(53,4,2,387.00,NULL,'P','RE',0.00,'INR',NULL,NULL,'2',0,NULL,NULL,NULL,2.00,0,0,0.00,'cod',NULL,NULL,NULL,'2019-08-19 08:19:14','2019-08-20 06:48:34',NULL,'Other',0,0),(54,4,2,507.00,NULL,'C','DE',0.00,'INR',NULL,NULL,'2',0,NULL,NULL,NULL,2.00,0,0,0.00,'cod',NULL,60,'2019-08-19 09:12:37','2019-08-19 08:23:21','2019-08-26 09:48:02',NULL,'changing status to automatic',1,1),(55,4,2,337.00,NULL,'C','DE',0.00,'INR',NULL,NULL,'2',0,NULL,NULL,NULL,2.00,0,0,0.00,'cod',NULL,20,'2019-08-19 09:08:55','2019-08-19 08:25:20','2019-08-19 09:18:01',NULL,'changing status to automatic',1,1),(56,4,2,142.00,NULL,'C','DE',0.00,'INR',NULL,NULL,'2',0,NULL,NULL,NULL,2.00,0,0,0.00,'cod',NULL,15,'2019-08-20 05:52:33','2019-08-20 05:52:00','2019-08-20 11:48:01',NULL,'changing status to automatic',1,1),(57,4,2,357.00,NULL,'C','DE',0.00,'INR',NULL,NULL,'2',0,NULL,NULL,NULL,2.00,0,0,0.00,'cod',NULL,25,'2019-08-20 09:09:46','2019-08-20 05:54:15','2019-08-20 11:20:02',NULL,'changing status to automatic',1,1),(58,4,2,75.00,NULL,'P','BO',0.00,'Rup',NULL,NULL,'1',0,'2000-01-01 00:00:00','',0,0.00,0,0,0.00,'COD','',0,'2019-08-22 09:09:52','2019-08-20 14:39:55','2019-08-22 09:12:02','','changing status to automatic',0,1),(59,10,1,1127.00,NULL,'C','DE',0.00,'INR',NULL,NULL,'2',0,NULL,NULL,NULL,2.00,0,0,0.00,'cod',NULL,30,'2019-08-21 06:03:20','2019-08-21 06:02:53','2019-08-21 06:10:01',NULL,'changing status to automatic',1,1),(60,10,1,252.00,NULL,'P','RP',0.00,'INR',NULL,NULL,'2',0,NULL,NULL,NULL,2.00,0,0,0.00,'cod',NULL,30,'2019-08-22 09:24:11','2019-08-21 09:59:46','2019-08-22 09:56:01',NULL,'changing status to automatic',0,1),(61,4,1,352.00,NULL,'P','RP',0.00,'INR',NULL,NULL,'2',0,NULL,NULL,NULL,2.00,0,0,0.00,'cod',NULL,30,'2019-08-22 09:10:22','2019-08-21 12:07:55','2019-08-22 09:42:01',NULL,'changing status to automatic',0,1),(62,4,2,157.00,NULL,'C','DE',0.00,'INR',NULL,NULL,'2',0,NULL,NULL,NULL,2.00,0,0,0.00,'cod',NULL,25,'2019-08-22 09:34:21','2019-08-22 09:28:31','2019-08-26 09:10:01',NULL,'changing status to automatic',1,1),(63,4,2,202.00,NULL,'C','DE',0.00,'INR',NULL,NULL,'2',0,NULL,NULL,NULL,2.00,0,0,0.00,'cod',NULL,20,'2019-08-23 01:52:45','2019-08-22 09:53:55','2019-08-26 09:10:01',NULL,'changing status to automatic',1,1),(64,4,2,37.00,NULL,'C','DE',0.00,'INR',NULL,NULL,'2',0,NULL,NULL,NULL,2.00,0,0,0.00,'cod',NULL,20,'2019-08-22 09:58:45','2019-08-22 09:56:53','2019-08-22 10:06:01',NULL,'data',1,1),(65,4,2,72.00,NULL,'C','DE',0.00,'INR',NULL,NULL,'2',0,NULL,NULL,NULL,2.00,0,0,0.00,'cod',NULL,20,'2019-08-22 14:19:05','2019-08-22 14:18:40','2019-08-22 14:26:01',NULL,'data',1,1),(66,4,1,152.00,NULL,'P','RP',0.00,'INR',NULL,NULL,'2',0,NULL,NULL,NULL,2.00,0,0,0.00,'cod',NULL,30,'2019-08-26 04:13:26','2019-08-23 01:50:26','2019-08-26 04:44:01',NULL,'changing status to automatic',0,1),(67,4,2,82.00,NULL,'C','DE',0.00,'INR',NULL,NULL,'2',0,NULL,NULL,NULL,2.00,0,0,0.00,'cod',NULL,25,'2019-08-23 04:53:43','2019-08-23 04:53:25','2019-08-23 05:14:01',NULL,'changing status to automatic',1,1),(68,4,2,82.00,NULL,'C','DE',0.00,'INR',NULL,NULL,'2',0,NULL,NULL,NULL,2.00,0,0,0.00,'cod',NULL,20,'2019-08-23 05:10:19','2019-08-23 05:09:55','2019-08-23 10:02:01',NULL,'changing status to automatic',1,1),(69,4,2,142.00,NULL,'C','DE',0.00,'INR',NULL,NULL,'2',0,NULL,NULL,NULL,2.00,0,0,0.00,'cod',NULL,25,'2019-08-23 06:14:30','2019-08-23 06:09:45','2019-08-23 06:22:01',NULL,'data',1,1),(70,4,2,177.00,NULL,'C','DE',0.00,'INR',NULL,NULL,'2',0,NULL,NULL,NULL,2.00,0,0,0.00,'cod',NULL,20,'2019-08-23 06:39:34','2019-08-23 06:36:54','2019-08-26 09:08:01',NULL,'changing status to automatic',1,1),(71,4,2,142.00,NULL,'C','DE',0.00,'INR',NULL,NULL,'2',0,NULL,NULL,NULL,2.00,0,0,0.00,'cod',NULL,25,'2019-08-23 06:52:17','2019-08-23 06:51:56','2019-08-23 07:02:01',NULL,'data',1,1),(72,4,2,37.00,NULL,'C','DE',0.00,'INR',NULL,NULL,'2',0,NULL,NULL,NULL,2.00,0,0,0.00,'cod',NULL,25,'2019-08-23 07:28:53','2019-08-23 07:28:27','2019-08-23 10:00:01',NULL,'changing status to automatic',1,1),(73,4,2,142.00,NULL,'C','DE',0.00,'INR',NULL,NULL,'2',0,NULL,NULL,NULL,2.00,0,0,0.00,'cod',NULL,25,'2019-08-23 09:23:08','2019-08-23 09:21:52','2019-08-23 10:00:01',NULL,'changing status to automatic',1,1),(74,4,2,182.00,NULL,'C','DE',0.00,'INR',NULL,NULL,'2',0,NULL,NULL,NULL,2.00,0,0,0.00,'cod',NULL,25,'2019-08-23 09:30:49','2019-08-23 09:30:28','2019-08-23 10:00:01',NULL,'data',1,1),(75,4,2,182.00,NULL,'C','DE',0.00,'INR',NULL,NULL,'2',0,NULL,NULL,NULL,2.00,0,0,0.00,'cod',NULL,20,'2019-08-23 10:47:15','2019-08-23 10:42:48','2019-08-23 12:34:02',NULL,'changing status to automatic',1,1),(76,4,2,142.00,NULL,'C','DE',0.00,'INR',NULL,NULL,'2',0,NULL,NULL,NULL,2.00,0,0,0.00,'cod',NULL,25,'2019-08-23 13:51:50','2019-08-23 11:19:24','2019-08-23 14:18:01',NULL,'changing status to automatic',1,1),(77,4,2,142.00,NULL,'C','DE',0.00,'INR',NULL,NULL,'2',0,NULL,NULL,NULL,2.00,0,0,0.00,'cod',NULL,25,'2019-08-23 13:48:03','2019-08-23 11:20:05','2019-08-23 13:54:01',NULL,'data',1,1),(78,4,2,72.00,NULL,'C','DE',0.00,'INR',NULL,NULL,'2',0,NULL,NULL,NULL,2.00,0,0,0.00,'cod',NULL,25,'2019-08-23 13:41:19','2019-08-23 11:23:30','2019-08-23 14:00:01',NULL,'changing status to automatic',1,1),(79,4,2,37.00,NULL,'C','DE',0.00,'INR',NULL,NULL,'2',0,NULL,NULL,NULL,2.00,0,0,0.00,'cod',NULL,20,'2019-08-23 13:37:03','2019-08-23 11:43:28','2019-08-23 13:46:01',NULL,'data',1,1),(80,4,2,37.00,NULL,'C','DE',0.00,'INR',NULL,NULL,'2',0,NULL,NULL,NULL,2.00,0,0,0.00,'cod',NULL,25,'2019-08-23 13:34:56','2019-08-23 12:09:01','2019-08-23 13:42:01',NULL,'data',1,1),(81,4,2,37.00,NULL,'C','DE',0.00,'INR',NULL,NULL,'2',0,NULL,NULL,NULL,2.00,0,0,0.00,'cod',NULL,20,'2019-08-23 12:44:18','2019-08-23 12:13:48','2019-08-23 13:50:02',NULL,'data',1,1),(82,4,2,97.00,NULL,'C','DE',0.00,'INR',NULL,NULL,'2',0,NULL,NULL,NULL,2.00,0,0,0.00,'cod',NULL,25,'2019-08-26 05:32:10','2019-08-25 04:39:26','2019-08-26 05:44:01',NULL,'changing status to automatic',1,1),(83,4,1,22.00,NULL,'C','DE',0.00,'INR',NULL,NULL,'2',0,NULL,NULL,NULL,2.00,0,0,0.00,'cod',NULL,25,'2019-08-26 13:52:23','2019-08-26 04:16:14','2019-08-26 13:58:01',NULL,'data',1,1),(84,4,2,97.00,NULL,'C','DE',0.00,'INR',NULL,NULL,'2',0,NULL,NULL,NULL,2.00,0,0,0.00,'cod',NULL,20,'2019-08-26 07:13:02','2019-08-26 05:50:25','2019-08-26 08:28:01',NULL,'changing status to automatic',1,1),(85,11,1,52.00,NULL,'P','RP',0.00,'INR',NULL,NULL,'2',0,NULL,NULL,NULL,2.00,0,0,0.00,'cod',NULL,30,'2019-08-26 05:54:57','2019-08-26 05:54:23','2019-08-26 06:26:02',NULL,'changing status to automatic',0,1),(86,4,1,352.00,NULL,'P','RP',0.00,'INR',NULL,NULL,'2',0,NULL,NULL,NULL,2.00,0,0,0.00,'cod',NULL,25,'2019-08-26 09:26:00','2019-08-26 09:18:57','2019-08-26 09:27:07',NULL,'changing status to automatic',0,1),(87,4,1,52.00,NULL,'P','RP',0.00,'INR',NULL,NULL,'2',0,NULL,NULL,NULL,2.00,0,0,0.00,'cod',NULL,15,'2019-08-26 09:29:13','2019-08-26 09:29:06','2019-08-26 09:46:01',NULL,'changing status to automatic',0,1),(88,4,2,237.00,NULL,'C','DE',0.00,'INR',NULL,NULL,'2',0,NULL,NULL,NULL,2.00,0,0,0.00,'cod',NULL,25,'2019-08-26 10:18:39','2019-08-26 10:15:41','2019-08-27 04:12:01',NULL,'data',1,1),(89,4,2,237.00,NULL,'C','DE',0.00,'INR',NULL,NULL,'2',0,NULL,NULL,NULL,2.00,0,0,0.00,'cod',NULL,25,'2019-08-26 13:48:53','2019-08-26 13:47:59','2019-08-26 14:08:01',NULL,'data',1,1),(90,4,1,32.00,NULL,'P','RP',0.00,'INR',NULL,NULL,'2',0,NULL,NULL,NULL,2.00,0,0,0.00,'cod',NULL,20,'2019-08-26 13:56:40','2019-08-26 13:55:46','2019-08-26 14:18:01',NULL,'changing status to automatic',0,1),(91,4,1,22.00,NULL,'P','RP',0.00,'INR',NULL,NULL,'2',0,NULL,NULL,NULL,2.00,0,0,0.00,'cod',NULL,25,'2019-08-26 15:09:06','2019-08-26 15:08:43','2019-08-26 15:09:41',NULL,'data',0,1),(92,4,2,237.00,NULL,'C','DE',0.00,'INR',NULL,NULL,'2',0,NULL,NULL,NULL,2.00,0,0,0.00,'cod',NULL,25,'2019-08-27 05:06:35','2019-08-27 04:14:39','2019-08-27 05:36:01',NULL,'changing status to automatic',1,1),(93,4,2,282.00,NULL,'C','DE',0.00,'INR',NULL,NULL,'2',0,NULL,NULL,NULL,2.00,0,0,0.00,'cod',NULL,25,'2019-08-27 06:01:12','2019-08-27 06:00:30','2019-08-27 06:10:01',NULL,'changing status to automatic',1,1),(94,4,2,282.00,NULL,'C','DE',0.00,'INR',NULL,NULL,'2',0,NULL,NULL,NULL,2.00,0,0,0.00,'cod',NULL,25,'2019-08-27 06:06:50','2019-08-27 06:06:16','2019-08-27 06:20:01',NULL,'changing status to automatic',1,1),(95,4,2,322.00,NULL,'C','DE',0.00,'INR',NULL,NULL,'2',0,NULL,NULL,NULL,2.00,0,0,0.00,'cod',NULL,25,'2019-08-27 06:18:28','2019-08-27 06:17:11','2019-08-27 09:54:01',NULL,'data',1,1),(96,4,2,37.00,NULL,'C','DE',0.00,'INR',NULL,NULL,'2',0,NULL,NULL,NULL,2.00,0,0,0.00,'cod',NULL,25,'2019-08-27 07:21:40','2019-08-27 06:23:08','2019-08-27 09:40:01',NULL,'changing status to automatic',1,1),(97,4,2,37.00,NULL,'C','DE',0.00,'INR',NULL,NULL,'2',0,NULL,NULL,NULL,2.00,0,0,0.00,'cod',NULL,25,'2019-08-27 06:43:14','2019-08-27 06:24:56','2019-08-27 09:32:01',NULL,'data',1,1),(98,4,2,282.00,NULL,'P','PE',0.00,'INR',NULL,NULL,'2',0,NULL,NULL,NULL,2.00,0,0,0.00,'cod',NULL,NULL,NULL,'2019-08-28 05:47:13','2019-08-28 05:47:13',NULL,'data',0,0),(99,11,1,152.00,NULL,'P','P',0.00,'INR',NULL,NULL,'2',0,NULL,NULL,NULL,2.00,0,0,0.00,'cod',NULL,NULL,NULL,'2019-08-28 10:04:58','2019-10-23 13:49:49',NULL,'Received',0,0),(100,0,0,195.00,NULL,'P','PE',0.00,'Rup',NULL,NULL,'1',0,'2000-01-01 00:00:00','',0,0.00,0,0,0.00,'COD','',NULL,NULL,'2019-08-29 11:23:02','2019-08-29 11:23:02','',NULL,0,0),(101,4,1,52.00,NULL,'P','PE',0.00,'INR',NULL,NULL,'2',0,NULL,NULL,NULL,2.00,0,0,0.00,'cod',NULL,NULL,NULL,'2019-08-29 11:24:32','2019-08-29 11:24:32',NULL,'data',0,0),(102,4,1,152.00,NULL,'P','RP',0.00,'INR',NULL,NULL,'2',0,NULL,NULL,NULL,2.00,0,0,0.00,'cod',NULL,30,'2019-09-02 06:15:38','2019-08-29 12:01:52','2019-09-02 06:46:01',NULL,'changing status to automatic',0,1),(103,4,1,102.00,NULL,'P','PE',0.00,'INR',NULL,NULL,'2',0,NULL,NULL,NULL,2.00,0,0,0.00,'cod',NULL,NULL,NULL,'2019-08-29 12:06:08','2019-08-29 12:06:08',NULL,'data',0,0),(104,4,2,207.00,NULL,'P','PE',0.00,'INR',NULL,NULL,'2',0,NULL,NULL,NULL,2.00,0,0,0.00,'cod',NULL,NULL,NULL,'2019-08-30 12:50:27','2019-08-30 12:50:27',NULL,'data',0,0),(105,4,2,40.00,NULL,'P','PE',0.00,'Rup',NULL,NULL,'1',0,'2000-01-01 00:00:00','',0,0.00,0,0,0.00,'COD','',NULL,NULL,'2019-09-03 10:31:21','2019-09-03 10:31:21','',NULL,0,0),(106,4,1,52.00,NULL,'P','PE',0.00,'INR',NULL,NULL,'2',0,NULL,NULL,NULL,2.00,0,0,0.00,'cod',NULL,NULL,NULL,'2019-09-04 05:35:09','2019-09-04 05:35:09',NULL,'data',0,0),(107,15,1,22.00,NULL,'P','PE',0.00,'INR',NULL,NULL,'2',0,NULL,NULL,NULL,2.00,0,0,0.00,'cod',NULL,NULL,NULL,'2019-09-06 08:12:44','2019-09-06 08:12:44',NULL,'data',0,0),(108,15,1,252.00,NULL,'C','DE',0.00,'INR',NULL,NULL,'2',0,NULL,NULL,NULL,2.00,0,0,0.00,'cod',NULL,30,'2019-09-06 08:25:31','2019-09-06 08:25:10','2019-09-06 08:34:01',NULL,'changing status to automatic',1,1),(109,15,1,402.00,NULL,'P','RE',0.00,'INR',NULL,NULL,'2',0,NULL,NULL,NULL,2.00,0,0,0.00,'cod',NULL,NULL,NULL,'2019-09-06 08:29:28','2019-09-06 08:29:58',NULL,'We are closed',0,0),(110,15,1,342.00,NULL,'P','PE',0.00,'INR',NULL,NULL,'2',0,NULL,NULL,NULL,2.00,0,0,0.00,'cod',NULL,NULL,NULL,'2019-09-06 10:54:09','2019-09-06 10:54:09',NULL,'data',0,0),(111,15,1,12.00,NULL,'P','PE',0.00,'INR',NULL,NULL,'2',0,NULL,NULL,NULL,2.00,0,0,0.00,'cod',NULL,NULL,NULL,'2019-09-08 12:59:24','2019-09-08 12:59:24',NULL,'data',0,0),(112,15,2,100.00,NULL,'P','PE',0.00,'Rup',NULL,NULL,'1',0,'2000-01-01 00:00:00','',0,0.00,0,0,0.00,'COD','',NULL,NULL,'2019-09-09 12:41:01','2019-09-09 12:41:01','',NULL,0,0),(113,15,2,80.00,NULL,'P','PE',0.00,'Rup',NULL,NULL,'1',0,'2000-01-01 00:00:00','',0,0.00,0,0,0.00,'COD','',NULL,NULL,'2019-09-09 12:47:00','2019-09-09 12:47:00','',NULL,0,0),(114,15,2,80.00,NULL,'P','PE',0.00,'Rup',NULL,NULL,'1',0,'2000-01-01 00:00:00','',0,0.00,0,0,0.00,'COD','',NULL,NULL,'2019-09-09 12:49:07','2019-09-09 12:49:07','',NULL,0,0),(115,0,1,100.00,NULL,'P','PE',0.00,'Rup',NULL,NULL,'1',0,'2000-01-01 00:00:00','',0,0.00,0,0,0.00,'COD','',NULL,NULL,'2019-09-10 05:59:05','2019-09-10 05:59:05','',NULL,0,0),(116,15,2,100.00,NULL,'P','PE',0.00,'Rup',NULL,NULL,'1',0,'2000-01-01 00:00:00','',0,0.00,0,0,0.00,'COD','',NULL,NULL,'2019-09-11 10:32:39','2019-09-11 10:32:39','',NULL,0,0),(117,15,1,442.00,NULL,'P','PE',0.00,'INR',NULL,NULL,'2',0,NULL,NULL,NULL,2.00,0,0,0.00,'cod',NULL,NULL,NULL,'2019-09-11 15:09:06','2019-09-11 15:09:06',NULL,'data',0,0),(118,0,1,50.00,NULL,'P','PE',0.00,'Rup',NULL,NULL,'1',0,'2000-01-01 00:00:00','',0,0.00,0,0,0.00,'COD','',NULL,NULL,'2019-09-18 09:46:57','2019-09-18 09:46:57','',NULL,0,0),(119,15,2,100.00,NULL,'P','PE',0.00,'Rup',NULL,NULL,'1',0,'2000-01-01 00:00:00','',0,0.00,0,0,0.00,'COD','',NULL,NULL,'2019-09-18 09:56:55','2019-09-18 09:56:55','',NULL,0,0),(120,15,2,100.00,NULL,'P','PE',0.00,'Rup',NULL,NULL,'1',0,'2000-01-01 00:00:00','',0,0.00,0,0,0.00,'COD','',NULL,NULL,'2019-09-20 08:39:46','2019-09-20 08:39:46','',NULL,0,0),(121,0,2,300.00,NULL,'P','PE',0.00,'Rup',NULL,NULL,'1',0,'2000-01-01 00:00:00','',0,0.00,0,0,0.00,'COD','',NULL,NULL,'2019-09-23 06:22:17','2019-09-23 06:22:17','',NULL,0,0),(122,11,1,110.00,NULL,'P','PE',0.00,'Rup',NULL,NULL,'1',0,'2000-01-01 00:00:00','test test Pune',0,0.00,0,0,0.00,'COD','',NULL,NULL,'2019-10-23 13:57:21','2019-10-23 13:57:21','',NULL,0,0),(123,11,2,80.00,NULL,'P','PE',0.00,'Rup',NULL,NULL,'1',0,'2000-01-01 00:00:00','11 mg road Pune',0,0.00,0,0,0.00,'COD','',NULL,NULL,'2019-10-23 13:58:46','2019-10-23 13:58:46','',NULL,0,0),(124,11,2,40.00,NULL,'P','PE',0.00,'Rup',NULL,NULL,'1',0,'2000-01-01 00:00:00','11 mg road Pune',0,0.00,0,0,0.00,'COD','',NULL,NULL,'2019-10-23 14:04:54','2019-10-23 14:04:54','',NULL,0,0),(125,15,1,22.00,NULL,'P','PE',0.00,'INR',NULL,NULL,'2',0,NULL,NULL,NULL,2.00,0,0,0.00,'cod',NULL,NULL,NULL,'2020-02-10 09:12:18','2020-02-10 09:12:18',NULL,'data',0,0),(126,15,1,112.00,NULL,'P','PE',0.00,'INR',NULL,NULL,'2',0,'2020-02-10 15:00:58',NULL,NULL,2.00,0,0,0.00,'cod',NULL,NULL,NULL,'2020-02-10 09:15:21','2020-02-10 09:15:21',NULL,'data',0,0),(127,15,1,12.00,NULL,'P','PE',0.00,'INR',NULL,NULL,'3',0,NULL,'2 test test',NULL,2.00,0,0,0.00,'cod',NULL,NULL,NULL,'2020-02-10 11:26:23','2020-02-10 11:26:23',NULL,'data',0,0),(128,15,1,12.00,NULL,'P','PE',0.00,'INR',NULL,NULL,'3',0,NULL,'f2 test test',NULL,2.00,0,0,0.00,'cod',NULL,NULL,NULL,'2020-02-10 13:26:57','2020-02-10 13:26:57',NULL,'data',0,0),(129,21,1,52.00,NULL,'P','PE',0.00,'INR',NULL,NULL,'2',0,NULL,NULL,NULL,2.00,0,0,0.00,'cod',NULL,NULL,NULL,'2020-02-12 09:15:28','2020-02-12 09:15:28',NULL,'data',0,0),(130,21,1,12.00,NULL,'P','PE',0.00,'INR',NULL,NULL,'3',0,NULL,'Test Test Test',NULL,2.00,0,0,0.00,'cod',NULL,NULL,NULL,'2020-02-12 09:20:00','2020-02-12 09:20:00',NULL,'data',0,0),(131,23,1,10.00,NULL,'P','PE',0.00,'Rup',NULL,NULL,'2',0,'2000-01-01 00:00:00','  ',0,0.00,0,0,0.00,'COD','',NULL,NULL,'2020-02-12 13:43:23','2020-02-12 13:43:23','',NULL,0,0),(132,21,1,12.00,NULL,'P','PE',0.00,'INR',NULL,NULL,'3',0,NULL,'test test test',NULL,2.00,0,0,0.00,'cod',NULL,NULL,NULL,'2020-02-13 11:51:25','2020-02-13 11:51:25',NULL,'data',0,0),(133,21,1,22.00,NULL,'P','PE',0.00,'INR',NULL,NULL,'2',0,'2020-02-13 17:20:14',NULL,NULL,2.00,0,0,0.00,'cod',NULL,NULL,NULL,'2020-02-13 11:52:41','2020-02-13 11:52:41',NULL,'data',0,0),(134,48,1,12.00,NULL,'P','PE',0.00,'INR',NULL,NULL,'3',0,NULL,'test test test',NULL,2.00,0,0,0.00,'cod',NULL,NULL,NULL,'2020-02-13 13:00:50','2020-02-13 13:00:50',NULL,'data',0,0),(135,48,1,12.00,NULL,'P','PE',0.00,'INR',NULL,NULL,'3',0,NULL,'test test test',NULL,2.00,0,0,0.00,'cod',NULL,NULL,NULL,'2020-02-14 05:06:05','2020-02-14 05:06:05',NULL,'data',0,0),(136,48,1,22.00,NULL,'P','PE',0.00,'INR',NULL,NULL,'2',0,NULL,NULL,NULL,2.00,0,0,0.00,'cod',NULL,NULL,NULL,'2020-02-14 05:08:13','2020-02-14 05:08:13',NULL,'data',0,0),(137,50,1,22.00,NULL,'P','PE',0.00,'INR',NULL,NULL,'2',0,NULL,NULL,NULL,2.00,0,0,0.00,'cod',NULL,NULL,NULL,'2020-02-14 05:17:54','2020-02-14 05:17:54',NULL,'data',0,0),(138,23,1,10.00,NULL,'P','PE',0.00,'Rup',NULL,NULL,'2',0,'2000-01-01 00:00:00','  ',0,0.00,0,0,0.00,'COD','',NULL,NULL,'2020-02-14 05:51:25','2020-02-14 05:51:25','',NULL,0,0),(139,23,1,10.00,NULL,'P','PE',0.00,'Rup',NULL,NULL,'3',0,'2000-01-01 00:00:00','1007 Sydney Australia',0,0.00,0,0,0.00,'COD','',NULL,NULL,'2020-02-14 07:20:33','2020-02-14 07:20:33','',NULL,0,0),(140,23,1,10.00,NULL,'P','PE',0.00,'Rup',NULL,NULL,'2',0,'2000-01-01 00:00:00','  ',0,0.00,0,0,0.00,'COD','',NULL,NULL,'2020-02-14 09:36:38','2020-02-14 09:36:38','',NULL,0,0),(141,1,1,100.00,NULL,'P','PE',0.00,'INR',NULL,NULL,'2',0,NULL,'wakad pune',NULL,0.00,0,0,0.00,'cod payment','string',0,NULL,'2020-02-18 04:14:00','2020-02-18 04:14:00',NULL,'make it fast',0,0);
/*!40000 ALTER TABLE `app_user_order` ENABLE KEYS */;
UNLOCK TABLES;

--
-- Table structure for table `app_user_reward`
--

DROP TABLE IF EXISTS `app_user_reward`;
/*!40101 SET @saved_cs_client     = @@character_set_client */;
/*!40101 SET character_set_client = utf8 */;
CREATE TABLE `app_user_reward` (
  `id` int(11) NOT NULL AUTO_INCREMENT,
  `reward_type_id` int(11) NOT NULL,
  `flick_id` int(11) DEFAULT NULL,
  `product_id` int(11) DEFAULT NULL,
  `app_user_order_id` int(11) DEFAULT NULL,
  `app_user_id` int(11) NOT NULL,
  `active` tinyint(1) DEFAULT NULL,
  `created` datetime DEFAULT NULL,
  `modified` datetime DEFAULT NULL,
  PRIMARY KEY (`id`)
) ENGINE=InnoDB DEFAULT CHARSET=utf8;
/*!40101 SET character_set_client = @saved_cs_client */;

--
-- Dumping data for table `app_user_reward`
--

LOCK TABLES `app_user_reward` WRITE;
/*!40000 ALTER TABLE `app_user_reward` DISABLE KEYS */;
/*!40000 ALTER TABLE `app_user_reward` ENABLE KEYS */;
UNLOCK TABLES;

--
-- Table structure for table `chat`
--

DROP TABLE IF EXISTS `chat`;
/*!40101 SET @saved_cs_client     = @@character_set_client */;
/*!40101 SET character_set_client = utf8 */;
CREATE TABLE `chat` (
  `id` int(11) NOT NULL AUTO_INCREMENT,
  `message` varchar(512) NOT NULL,
  `status` char(2) DEFAULT NULL,
  `sent_from` int(11) NOT NULL,
  `sent_to` int(11) NOT NULL,
  `created` datetime DEFAULT NULL,
  `modified` datetime DEFAULT NULL,
  `latitude` varchar(512) NOT NULL,
  `longitude` varchar(512) NOT NULL,
  PRIMARY KEY (`id`)
) ENGINE=InnoDB AUTO_INCREMENT=174 DEFAULT CHARSET=utf8;
/*!40101 SET character_set_client = @saved_cs_client */;

--
-- Dumping data for table `chat`
--

LOCK TABLES `chat` WRITE;
/*!40000 ALTER TABLE `chat` DISABLE KEYS */;
INSERT INTO `chat` VALUES (1,'Hi Ramesh',NULL,3,2,'2016-12-22 04:11:50','2016-12-22 04:11:50','',''),(2,'Fine',NULL,3,2,'2016-12-22 05:37:05','2016-12-22 05:37:05','',''),(3,'Hi',NULL,4,3,'2016-12-23 08:26:45','2016-12-23 08:26:45','',''),(4,'Hii',NULL,3,4,'2016-12-23 10:29:09','2016-12-23 10:29:09','',''),(5,'Hello',NULL,3,4,'2016-12-26 09:57:07','2016-12-26 09:57:07','',''),(6,'Hi m',NULL,3,8,'2016-12-27 03:08:14','2016-12-27 03:08:14','',''),(7,'Hello',NULL,3,4,'2016-12-27 03:08:22','2016-12-27 03:08:22','',''),(8,'Hello',NULL,9,4,'2016-12-28 11:10:49','2016-12-28 11:10:49','',''),(9,'hi I',NULL,9,4,'2016-12-28 11:10:57','2016-12-28 11:10:57','',''),(10,'Hi',NULL,3,4,'2016-12-29 04:29:51','2016-12-29 04:29:51','',''),(11,'Hi',NULL,4,3,'2016-12-29 04:29:54','2016-12-29 04:29:54','',''),(12,'Fine',NULL,4,3,'2016-12-29 04:29:58','2016-12-29 04:29:58','',''),(13,'Ok',NULL,3,4,'2016-12-29 04:30:00','2016-12-29 04:30:00','',''),(14,'Really',NULL,3,4,'2016-12-29 04:30:09','2016-12-29 04:30:09','',''),(15,'Ok',NULL,4,3,'2016-12-29 04:30:14','2016-12-29 04:30:14','',''),(16,'Yes',NULL,3,4,'2016-12-29 04:30:19','2016-12-29 04:30:19','',''),(17,'Hello',NULL,4,3,'2016-12-29 07:20:15','2016-12-29 07:20:15','',''),(18,'Phone de',NULL,4,3,'2016-12-29 07:20:28','2016-12-29 07:20:28','',''),(19,'I\'ve been getting your feeds',NULL,11,9,'2016-12-29 11:14:36','2016-12-29 11:14:36','',''),(20,'Hii ok',NULL,9,11,'2016-12-29 11:26:47','2016-12-29 11:26:47','',''),(22,'Hello',NULL,14,19,'2016-12-30 06:38:52','2016-12-30 06:38:52','',''),(23,'Hi',NULL,19,14,'2016-12-30 06:39:17','2016-12-30 06:39:17','',''),(24,'It\'s back up',NULL,19,14,'2016-12-30 06:44:52','2016-12-30 06:44:52','',''),(25,'I didn\'t get your message though as I don\'t have a cache of real time chat function in this release.',NULL,19,14,'2016-12-30 06:45:26','2016-12-30 06:45:26','',''),(26,'It only works so long as you are online',NULL,19,14,'2016-12-30 06:45:46','2016-12-30 06:45:46','',''),(27,'Hey',NULL,19,14,'2016-12-30 06:50:24','2016-12-30 06:50:24','',''),(28,'Are you getting this ?',NULL,19,14,'2016-12-30 06:50:31','2016-12-30 06:50:31','',''),(29,'I\'m getting this now',NULL,14,19,'2016-12-30 06:58:47','2016-12-30 06:58:47','',''),(30,'Ok',NULL,19,14,'2016-12-30 06:59:40','2016-12-30 06:59:40','',''),(31,'What about notifications ?',NULL,19,14,'2016-12-30 06:59:50','2016-12-30 06:59:50','',''),(32,'No notifications yet',NULL,14,19,'2016-12-30 07:03:55','2016-12-30 07:03:55','',''),(33,'Hii',NULL,9,23,'2017-01-02 03:13:55','2017-01-02 03:13:55','',''),(34,'Hiii',NULL,9,23,'2017-01-02 03:14:09','2017-01-02 03:14:09','',''),(35,'High',NULL,9,23,'2017-01-02 03:14:23','2017-01-02 03:14:23','',''),(36,'High',NULL,9,23,'2017-01-02 03:14:26','2017-01-02 03:14:26','',''),(37,'Hii',NULL,9,23,'2017-01-02 03:14:29','2017-01-02 03:14:29','',''),(38,'Hi did you get my feed',NULL,23,9,'2017-01-02 03:23:33','2017-01-02 03:23:33','',''),(39,'Yes got it',NULL,9,23,'2017-01-02 03:23:43','2017-01-02 03:23:43','',''),(40,'M',NULL,9,21,'2017-01-02 04:00:17','2017-01-02 04:00:17','',''),(41,'I Ramesh',NULL,9,23,'2017-01-03 07:13:49','2017-01-03 07:13:49','',''),(42,'hello j\n',NULL,38,35,'2017-02-10 16:26:11','2017-02-10 16:26:11','',''),(43,'how is weekend going on',NULL,38,35,'2017-02-11 12:24:34','2017-02-11 12:24:34','',''),(45,'resolved contact issue. now I can see you in my contacts',NULL,40,23,'2017-02-14 13:25:50','2017-02-14 13:25:50','',''),(46,'Hello',NULL,39,39,'2017-02-15 05:13:42','2017-02-15 05:13:42','',''),(47,'Hello',NULL,41,41,'2017-02-15 06:07:57','2017-02-15 06:07:57','',''),(48,'Hello',NULL,42,41,'2017-02-15 06:18:59','2017-02-15 06:18:59','',''),(49,'I am k',NULL,42,41,'2017-02-15 06:19:12','2017-02-15 06:19:12','',''),(50,'I am j',NULL,41,42,'2017-02-15 06:19:16','2017-02-15 06:19:16','',''),(51,'Ok',NULL,42,41,'2017-02-15 06:19:25','2017-02-15 06:19:25','',''),(52,' hello ramesh',NULL,40,23,'2017-02-15 10:21:38','2017-02-15 10:21:38','',''),(53,'hi',NULL,40,41,'2017-02-15 10:22:25','2017-02-15 10:22:25','',''),(54,'hi tarak',NULL,40,43,'2017-02-15 11:28:10','2017-02-15 11:28:10','',''),(55,'hello mrunal',NULL,43,40,'2017-02-15 11:28:21','2017-02-15 11:28:21','',''),(56,'shut up',NULL,43,40,'2017-02-15 11:30:30','2017-02-15 11:30:30','',''),(57,'Him run alibi',NULL,41,40,'2017-02-15 11:36:43','2017-02-15 11:36:43','',''),(58,'Fdffff Fdffff',NULL,41,40,'2017-02-15 11:37:07','2017-02-15 11:37:07','',''),(59,'got it',NULL,40,41,'2017-02-15 11:37:17','2017-02-15 11:37:17','',''),(60,'hello Ramesh ',NULL,40,23,'2017-02-17 06:13:41','2017-02-17 06:13:41','',''),(61,'hi',NULL,23,40,'2017-02-17 08:07:40','2017-02-17 08:07:40','',''),(62,'are you getting this chat msg ?',NULL,23,40,'2017-02-17 08:08:05','2017-02-17 08:08:05','',''),(63,'yes I am',NULL,40,23,'2017-02-17 08:22:46','2017-02-17 08:22:46','',''),(64,'cool',NULL,23,40,'2017-02-17 08:25:30','2017-02-17 08:25:30','',''),(65,'not sure why it takes so much time though',NULL,23,40,'2017-02-17 08:25:52','2017-02-17 08:25:52','',''),(66,'I will check that',NULL,40,23,'2017-02-17 08:26:18','2017-02-17 08:26:18','',''),(67,'Hi Ramesh. GM . I am a bit late for office today',NULL,40,23,'2017-02-20 03:42:40','2017-02-20 03:42:40','',''),(68,'hey',NULL,40,40,'2017-02-27 16:34:55','2017-02-27 16:34:55','',''),(69,'hello',NULL,40,40,'2017-02-27 16:35:04','2017-02-27 16:35:04','',''),(70,'hi Ramesh, gm',NULL,40,44,'2017-02-28 00:46:21','2017-02-28 00:46:21','',''),(71,'I shall be in office in another 1.30 hr.',NULL,40,44,'2017-02-28 00:46:45','2017-02-28 00:46:45','',''),(72,'hey mrunal ',NULL,44,40,'2017-02-28 09:57:50','2017-02-28 09:57:50','',''),(73,'juat msged some error reports take a look',NULL,44,40,'2017-02-28 09:58:12','2017-02-28 09:58:12','',''),(74,'hi',NULL,49,54,'2017-03-20 06:28:37','2017-03-20 06:28:37','',''),(75,'Hello',NULL,49,44,'2017-03-20 07:27:23','2017-03-20 07:27:23','',''),(76,'How are you ?',NULL,49,44,'2017-03-20 07:27:51','2017-03-20 07:27:51','',''),(77,'Hi',NULL,44,49,'2017-03-20 07:35:39','2017-03-20 07:35:39','',''),(78,'Some chat message',NULL,44,49,'2017-03-20 07:37:33','2017-03-20 07:37:33','',''),(79,'To test',NULL,44,49,'2017-03-20 07:37:50','2017-03-20 07:37:50','',''),(80,'And since',NULL,44,49,'2017-03-20 07:37:56','2017-03-20 07:37:56','',''),(81,'We are not',NULL,44,49,'2017-03-20 07:38:03','2017-03-20 07:38:03','',''),(82,'Running live chat',NULL,44,49,'2017-03-20 07:38:09','2017-03-20 07:38:09','',''),(83,'There is no sender',NULL,44,49,'2017-03-20 07:39:12','2017-03-20 07:39:12','',''),(84,'And receiver',NULL,44,49,'2017-03-20 07:39:15','2017-03-20 07:39:15','',''),(85,'Hello Ramesh ',NULL,49,44,'2017-03-20 07:39:17','2017-03-20 07:39:17','',''),(86,'That is clearly defined',NULL,44,49,'2017-03-20 07:39:23','2017-03-20 07:39:23','',''),(87,'How are you ?',NULL,49,44,'2017-03-20 07:39:59','2017-03-20 07:39:59','',''),(88,'Hello',NULL,54,49,'2017-03-20 09:37:50','2017-03-20 09:37:50','',''),(89,'Hi',NULL,54,54,'2017-03-20 09:37:59','2017-03-20 09:37:59','',''),(90,'Hi',NULL,54,49,'2017-03-20 09:48:30','2017-03-20 09:48:30','',''),(91,'Hellp Stupid',NULL,49,54,'2017-03-20 10:20:58','2017-03-20 10:20:58','',''),(92,'Hi',NULL,54,49,'2017-03-20 10:23:30','2017-03-20 10:23:30','',''),(93,'How r u ?',NULL,54,49,'2017-03-20 10:23:35','2017-03-20 10:23:35','',''),(94,'How\'s going app Dev?',NULL,54,49,'2017-03-20 10:23:48','2017-03-20 10:23:48','',''),(95,'Free on weekend ?',NULL,54,49,'2017-03-20 10:24:00','2017-03-20 10:24:00','',''),(96,'How\'s going Monday?',NULL,54,49,'2017-03-20 10:24:14','2017-03-20 10:24:14','',''),(97,'Hi',NULL,49,54,'2017-03-20 10:24:29','2017-03-20 10:24:29','',''),(98,'Hello',NULL,54,49,'2017-03-20 10:26:16','2017-03-20 10:26:16','',''),(99,'Good',NULL,54,49,'2017-03-20 10:26:20','2017-03-20 10:26:20','',''),(100,'Nice',NULL,54,49,'2017-03-20 10:26:24','2017-03-20 10:26:24','',''),(101,'Ha ha',NULL,54,49,'2017-03-20 10:26:30','2017-03-20 10:26:30','',''),(102,'hello',NULL,49,54,'2017-03-20 10:27:02','2017-03-20 10:27:02','',''),(103,'Hi',NULL,54,49,'2017-03-20 10:44:41','2017-03-20 10:44:41','',''),(104,'Hello',NULL,54,49,'2017-03-20 10:45:44','2017-03-20 10:45:44','',''),(105,'Nice',NULL,54,49,'2017-03-20 10:45:55','2017-03-20 10:45:55','',''),(106,'Hi',NULL,49,54,'2017-03-20 10:52:22','2017-03-20 10:52:22','',''),(107,'Hey',NULL,49,54,'2017-03-20 10:52:28','2017-03-20 10:52:28','',''),(108,'Hello all ',NULL,49,54,'2017-03-20 10:54:20','2017-03-20 10:54:20','',''),(109,'hey',NULL,49,54,'2017-03-20 10:54:31','2017-03-20 10:54:31','',''),(110,'Hello',NULL,49,54,'2017-03-20 11:11:01','2017-03-20 11:11:01','',''),(111,'You there ?',NULL,49,54,'2017-03-20 11:11:10','2017-03-20 11:11:10','',''),(112,'oye',NULL,49,54,'2017-03-20 11:11:19','2017-03-20 11:11:19','',''),(113,'Hi Sagar',NULL,57,58,'2017-03-23 08:52:50','2017-03-23 08:52:50','',''),(114,'Hi Sagar',NULL,57,60,'2017-03-23 09:23:32','2017-03-23 09:23:32','',''),(115,'Hello',NULL,57,60,'2017-03-23 09:28:54','2017-03-23 09:28:54','',''),(116,'Hi Ramesh',NULL,57,44,'2017-03-23 09:35:12','2017-03-23 09:35:12','',''),(117,'hi',NULL,57,57,'2017-03-23 10:54:45','2017-03-23 10:54:45','',''),(118,'hey',NULL,57,50,'2017-03-23 10:54:54','2017-03-23 10:54:54','',''),(119,'Hello Sagar',NULL,57,60,'2017-03-23 11:00:10','2017-03-23 11:00:10','',''),(120,'Hi Ramesh ',NULL,57,44,'2017-03-23 11:19:37','2017-03-23 11:19:37','',''),(121,'hi sagar ',NULL,56,64,'2017-03-24 08:31:13','2017-03-24 08:31:13','',''),(122,'Hi',NULL,44,57,'2017-03-24 09:14:20','2017-03-24 09:14:20','',''),(123,'Testing the chat',NULL,44,57,'2017-03-24 09:14:26','2017-03-24 09:14:26','',''),(124,'Looks like the attributions are ok so far',NULL,44,57,'2017-03-24 09:14:39','2017-03-24 09:14:39','',''),(125,'Testing',NULL,44,57,'2017-03-24 09:21:17','2017-03-24 09:21:17','',''),(126,'Hi',NULL,50,57,'2017-03-24 10:03:24','2017-03-24 10:03:24','',''),(127,'How r u ?',NULL,50,57,'2017-03-24 10:03:29','2017-03-24 10:03:29','',''),(128,'Hi Mrunal',NULL,56,57,'2017-03-24 10:03:51','2017-03-24 10:03:51','',''),(129,'Hi.',NULL,64,57,'2017-03-24 10:13:44','2017-03-24 10:13:44','',''),(130,'How r u ?',NULL,64,57,'2017-03-24 10:13:49','2017-03-24 10:13:49','',''),(131,'How\'s it going ?',NULL,64,57,'2017-03-24 10:13:56','2017-03-24 10:13:56','',''),(132,'Hi Mrunal',NULL,56,57,'2017-03-24 10:17:48','2017-03-24 10:17:48','',''),(133,'hi',NULL,56,57,'2017-03-24 10:19:07','2017-03-24 10:19:07','',''),(134,'hi again',NULL,56,57,'2017-03-24 10:20:44','2017-03-24 10:20:44','',''),(135,'hey',NULL,56,57,'2017-03-24 10:22:12','2017-03-24 10:22:12','',''),(136,'Hi',NULL,56,57,'2017-03-24 10:43:41','2017-03-24 10:43:41','',''),(137,'hi',NULL,56,57,'2017-03-24 10:43:57','2017-03-24 10:43:57','',''),(138,'hello',NULL,56,57,'2017-03-24 10:44:22','2017-03-24 10:44:22','',''),(139,'hello',NULL,56,57,'2017-03-24 10:45:42','2017-03-24 10:45:42','',''),(140,'hi',NULL,56,57,'2017-03-24 10:50:56','2017-03-24 10:50:56','',''),(141,'testing chat ',NULL,56,57,'2017-03-24 10:51:08','2017-03-24 10:51:08','',''),(142,'This is on iPhone',NULL,68,57,'2017-03-24 10:51:18','2017-03-24 10:51:18','',''),(143,'this is on Android ',NULL,56,57,'2017-03-24 10:51:27','2017-03-24 10:51:27','',''),(144,'so far so good',NULL,56,57,'2017-03-24 10:51:45','2017-03-24 10:51:45','',''),(145,'Again I\'m',NULL,68,57,'2017-03-24 10:53:16','2017-03-24 10:53:16','',''),(146,'Testing how',NULL,68,57,'2017-03-24 10:53:19','2017-03-24 10:53:19','',''),(147,'The iOS chat',NULL,68,57,'2017-03-24 10:53:22','2017-03-24 10:53:22','',''),(148,'Works whether it',NULL,68,57,'2017-03-24 10:53:25','2017-03-24 10:53:25','',''),(149,'Reloads the screen',NULL,68,57,'2017-03-24 10:53:29','2017-03-24 10:53:29','',''),(150,'Or shows the latest chat',NULL,68,57,'2017-03-24 10:53:34','2017-03-24 10:53:34','',''),(151,'As the highlighted one',NULL,68,57,'2017-03-24 10:53:47','2017-03-24 10:53:47','',''),(152,'On the screen so that I don\'t need to keep scrolling down',NULL,68,57,'2017-03-24 10:53:57','2017-03-24 10:53:57','',''),(153,'So far iOS works',NULL,68,57,'2017-03-24 10:54:03','2017-03-24 10:54:03','',''),(154,'Hello',NULL,56,57,'2017-03-24 11:06:33','2017-03-24 11:06:33','',''),(155,'hi',NULL,56,57,'2017-03-24 11:07:07','2017-03-24 11:07:07','',''),(156,'Hi',NULL,68,68,'2017-03-25 03:33:15','2017-03-25 03:33:15','',''),(157,'Hi',NULL,68,41,'2017-03-25 03:33:44','2017-03-25 03:33:44','',''),(158,'Hi',NULL,68,41,'2017-03-25 03:34:00','2017-03-25 03:34:00','',''),(159,'Hello',NULL,68,41,'2017-03-25 03:34:34','2017-03-25 03:34:34','',''),(160,'Hii',NULL,41,68,'2017-03-25 03:35:22','2017-03-25 03:35:22','',''),(161,'...',NULL,41,68,'2017-03-25 03:35:42','2017-03-25 03:35:42','',''),(162,'Hello testing',NULL,68,41,'2017-03-25 03:36:21','2017-03-25 03:36:21','',''),(163,'Hi ',NULL,68,57,'2017-03-27 00:45:20','2017-03-27 00:45:20','',''),(164,'Hi',NULL,57,50,'2017-03-29 04:02:07','2017-03-29 04:02:07','',''),(165,'you there ?',NULL,57,50,'2017-03-29 04:06:04','2017-03-29 04:06:04','',''),(166,'yes',NULL,57,50,'2017-03-29 04:06:31','2017-03-29 04:06:31','',''),(167,'hi',NULL,57,50,'2017-03-29 04:06:50','2017-03-29 04:06:50','',''),(168,'hello',NULL,57,50,'2017-03-29 04:07:08','2017-03-29 04:07:08','',''),(169,'yes',NULL,50,57,'2017-03-29 04:07:27','2017-03-29 04:07:27','',''),(170,'Hey I found this nice restaurant near my place check out Thai curry',NULL,68,71,'2017-04-10 04:30:40','2017-04-10 04:30:40','',''),(171,'sure',NULL,71,68,'2017-04-10 14:14:27','2017-04-10 14:14:27','',''),(172,'thanks',NULL,71,68,'2017-04-10 14:14:33','2017-04-10 14:14:33','',''),(173,'hello',NULL,81,71,'2017-09-04 10:43:15','2017-09-04 10:43:15','18.5797443','73.7385114');
/*!40000 ALTER TABLE `chat` ENABLE KEYS */;
UNLOCK TABLES;

--
-- Table structure for table `city`
--

DROP TABLE IF EXISTS `city`;
/*!40101 SET @saved_cs_client     = @@character_set_client */;
/*!40101 SET character_set_client = utf8 */;
CREATE TABLE `city` (
  `id` int(11) NOT NULL AUTO_INCREMENT,
  `city_name` varchar(200) NOT NULL,
  `country_id` int(11) NOT NULL,
  `created` datetime DEFAULT NULL,
  `modified` datetime DEFAULT NULL,
  `utc_offset` int(10) NOT NULL,
  PRIMARY KEY (`id`)
) ENGINE=InnoDB AUTO_INCREMENT=11 DEFAULT CHARSET=utf8;
/*!40101 SET character_set_client = @saved_cs_client */;

--
-- Dumping data for table `city`
--

LOCK TABLES `city` WRITE;
/*!40000 ALTER TABLE `city` DISABLE KEYS */;
INSERT INTO `city` VALUES (1,'Mumbai',1,'2016-12-13 09:36:46','2016-12-22 06:47:33',330),(2,'Pune',1,'2016-12-13 09:36:55','2016-12-22 06:48:08',330),(3,'Delhi',1,'2016-12-13 09:37:08','2017-07-27 12:29:56',330),(4,'Sydney',2,'2016-12-13 12:28:31','2017-07-07 12:52:23',600),(5,'Melbourne',2,'2016-12-13 12:28:35','2017-07-07 12:52:26',600),(6,'Brisbane',2,'2016-12-13 12:28:41','2017-07-07 12:52:30',600),(7,'Perth',2,'2016-12-13 12:28:53','2016-12-22 06:50:43',480),(8,'Adelaide',2,'2016-12-13 12:28:57','2017-07-07 12:52:05',570),(9,'San Jose',3,'2016-12-16 00:47:23','2016-12-22 06:52:45',660),(10,'San Francisco',3,'2016-12-16 00:47:28','2016-12-22 06:52:40',660);
/*!40000 ALTER TABLE `city` ENABLE KEYS */;
UNLOCK TABLES;

--
-- Table structure for table `cooking_video`
--

DROP TABLE IF EXISTS `cooking_video`;
/*!40101 SET @saved_cs_client     = @@character_set_client */;
/*!40101 SET character_set_client = utf8 */;
CREATE TABLE `cooking_video` (
  `id` int(11) NOT NULL AUTO_INCREMENT,
  `restaurant_id` int(11) NOT NULL,
  `file_name` varchar(512) NOT NULL,
  `created` datetime DEFAULT NULL,
  `modified` datetime DEFAULT NULL,
  `file_image_name` varchar(512) NOT NULL,
  `title` varchar(512) NOT NULL,
  PRIMARY KEY (`id`)
) ENGINE=InnoDB AUTO_INCREMENT=37 DEFAULT CHARSET=utf8;
/*!40101 SET character_set_client = @saved_cs_client */;

--
-- Dumping data for table `cooking_video`
--

LOCK TABLES `cooking_video` WRITE;
/*!40000 ALTER TABLE `cooking_video` DISABLE KEYS */;
INSERT INTO `cooking_video` VALUES (2,90,'image-1564484022788-demo.mp4','2019-07-30 10:53:43','2019-07-30 10:53:43','intro-93340.png',''),(7,8,'image-1565677130756-vid_20190813_104124.mp4','2019-08-13 06:18:52','2019-08-13 06:18:52','intro-99109.png',''),(25,1,'image-1567677113252-equine-walk-400fps.avi','2019-09-05 09:51:56','2019-09-05 09:51:56','intro-73499.png','test'),(27,1,'image-1568883102545-equine-walk-400fps.avi','2019-09-19 08:51:43','2019-09-19 08:51:43','intro-86831.png','test'),(33,1,'image-1582021685882-cook.mp4','2020-02-18 10:28:08','2020-02-18 10:28:08','intro-70847.png','demo'),(34,1,'image-1582022566903-cooking-wok.mp4','2020-02-18 10:42:49','2020-02-18 10:42:49','intro-20942.png','demo'),(35,1,'image-1582022579480-breakfast.mp4','2020-02-18 10:43:01','2020-02-18 10:43:01','intro-42798.png','demo'),(36,1,'image-1582022595030-food-flame.mp4','2020-02-18 10:43:25','2020-02-18 10:43:25','intro-34845.png','demo');
/*!40000 ALTER TABLE `cooking_video` ENABLE KEYS */;
UNLOCK TABLES;

--
-- Table structure for table `country`
--

DROP TABLE IF EXISTS `country`;
/*!40101 SET @saved_cs_client     = @@character_set_client */;
/*!40101 SET character_set_client = utf8 */;
CREATE TABLE `country` (
  `id` int(11) NOT NULL AUTO_INCREMENT,
  `country_name` varchar(512) NOT NULL,
  `currency_name` varchar(512) NOT NULL,
  `country_code` char(5) NOT NULL,
  `currency_code` char(3) NOT NULL,
  `created` datetime DEFAULT NULL,
  `modified` datetime DEFAULT NULL,
  `currency_symbol` varchar(512) NOT NULL,
  PRIMARY KEY (`id`)
) ENGINE=InnoDB AUTO_INCREMENT=4 DEFAULT CHARSET=utf8;
/*!40101 SET character_set_client = @saved_cs_client */;

--
-- Dumping data for table `country`
--

LOCK TABLES `country` WRITE;
/*!40000 ALTER TABLE `country` DISABLE KEYS */;
INSERT INTO `country` VALUES (1,'India','Rupees','+91','INR','2016-12-13 09:36:39','2019-09-03 10:15:43',''),(2,'Australia','Australian Dollar','+61','AUD','2016-12-13 12:27:13','2017-06-05 12:25:19','$'),(3,'USA','US Dollar','+1','USD','2016-12-16 00:47:14','2017-08-09 11:17:36','$');
/*!40000 ALTER TABLE `country` ENABLE KEYS */;
UNLOCK TABLES;

--
-- Table structure for table `cuisine`
--

DROP TABLE IF EXISTS `cuisine`;
/*!40101 SET @saved_cs_client     = @@character_set_client */;
/*!40101 SET character_set_client = utf8 */;
CREATE TABLE `cuisine` (
  `id` int(11) NOT NULL AUTO_INCREMENT,
  `cuisine_name` varchar(200) NOT NULL,
  `created` datetime DEFAULT NULL,
  `modified` datetime DEFAULT NULL,
  `img_url` varchar(200) NOT NULL,
  `app_user_id` int(11) DEFAULT NULL,
  `deleted` tinyint(1) NOT NULL,
  PRIMARY KEY (`id`)
) ENGINE=InnoDB AUTO_INCREMENT=9 DEFAULT CHARSET=utf8;
/*!40101 SET character_set_client = @saved_cs_client */;

--
-- Dumping data for table `cuisine`
--

LOCK TABLES `cuisine` WRITE;
/*!40000 ALTER TABLE `cuisine` DISABLE KEYS */;
INSERT INTO `cuisine` VALUES (1,'Fast Food','2016-12-13 09:39:35','2017-02-07 13:30:18','image-1486474217048-fast-food.jpg',NULL,0),(2,'Indian','2016-12-13 09:39:48','2017-02-07 13:30:29','image-1486474229104-indian.jpg',NULL,0),(3,'Chinese','2016-12-13 12:23:41','2017-02-07 13:30:38','image-1486474237418-chinees.jpg',NULL,0),(4,'Lebanese','2016-12-13 12:24:02','2017-02-07 13:31:03','image-1486474263206-index.jpeg',NULL,0),(5,'Vietnamese','2016-12-13 12:24:08','2017-02-08 04:40:37','image-1486528836184-is_vegetarian.jpg',NULL,0),(6,'Thai','2016-12-13 12:24:36','2017-02-08 04:40:25','image-1486528824247-british.jpg',NULL,0),(7,'Italian','2016-12-16 00:59:12','2017-02-07 13:31:34','image-1486474292460-african.jpg',NULL,0),(8,'South Indian','2016-12-16 03:35:16','2017-02-07 13:31:17','image-1486474276800-indian.jpg',NULL,0);
/*!40000 ALTER TABLE `cuisine` ENABLE KEYS */;
UNLOCK TABLES;

--
-- Table structure for table `default_video`
--

DROP TABLE IF EXISTS `default_video`;
/*!40101 SET @saved_cs_client     = @@character_set_client */;
/*!40101 SET character_set_client = utf8 */;
CREATE TABLE `default_video` (
  `id` int(11) NOT NULL AUTO_INCREMENT,
  `config_name` varchar(100) NOT NULL,
  `file_name` varchar(100) NOT NULL,
  `image_name` text NOT NULL,
  `video_type` text,
  `title` text,
  `created` datetime DEFAULT NULL,
  `modified` datetime DEFAULT NULL,
  PRIMARY KEY (`id`)
) ENGINE=InnoDB DEFAULT CHARSET=utf8;
/*!40101 SET character_set_client = @saved_cs_client */;

--
-- Dumping data for table `default_video`
--

LOCK TABLES `default_video` WRITE;
/*!40000 ALTER TABLE `default_video` DISABLE KEYS */;
/*!40000 ALTER TABLE `default_video` ENABLE KEYS */;
UNLOCK TABLES;

--
-- Table structure for table `feedback`
--

DROP TABLE IF EXISTS `feedback`;
/*!40101 SET @saved_cs_client     = @@character_set_client */;
/*!40101 SET character_set_client = utf8 */;
CREATE TABLE `feedback` (
  `id` int(11) NOT NULL AUTO_INCREMENT,
  `feedback_body` varchar(512) NOT NULL,
  `app_user_id` int(11) NOT NULL,
  `created` datetime DEFAULT NULL,
  `modified` datetime DEFAULT NULL,
  PRIMARY KEY (`id`)
) ENGINE=InnoDB DEFAULT CHARSET=utf8;
/*!40101 SET character_set_client = @saved_cs_client */;

--
-- Dumping data for table `feedback`
--

LOCK TABLES `feedback` WRITE;
/*!40000 ALTER TABLE `feedback` DISABLE KEYS */;
/*!40000 ALTER TABLE `feedback` ENABLE KEYS */;
UNLOCK TABLES;

--
-- Table structure for table `flick`
--

DROP TABLE IF EXISTS `flick`;
/*!40101 SET @saved_cs_client     = @@character_set_client */;
/*!40101 SET character_set_client = utf8 */;
CREATE TABLE `flick` (
  `id` int(11) NOT NULL AUTO_INCREMENT,
  `restaurant_id` int(200) DEFAULT NULL,
  `parent_flick_id` int(11) DEFAULT NULL,
  `level` int(11) DEFAULT NULL,
  `product_id` int(200) DEFAULT NULL,
  `message` varchar(512) NOT NULL,
  `app_user_id` int(11) DEFAULT NULL,
  `read_receipt` char(2) DEFAULT NULL,
  `captured_image` varchar(200) NOT NULL,
  `flick_feed` tinyint(1) DEFAULT NULL,
  `file_size` int(11) DEFAULT NULL,
  `file_type` varchar(200) DEFAULT NULL,
  `report_abuse_count` int(11) DEFAULT NULL,
  `report_abuse_warning_count` int(11) DEFAULT NULL,
  `publish_datetime` datetime DEFAULT NULL,
  `notification_sent` tinyint(1) DEFAULT NULL,
  `created` datetime DEFAULT NULL,
  `modified` datetime DEFAULT NULL,
  `is_delete` tinyint(1) NOT NULL,
  `secondary_product_ids` varchar(512) DEFAULT NULL,
  `latitude` varchar(512) DEFAULT NULL,
  `longitude` varchar(512) DEFAULT NULL,
  PRIMARY KEY (`id`)
) ENGINE=InnoDB DEFAULT CHARSET=utf8;
/*!40101 SET character_set_client = @saved_cs_client */;

--
-- Dumping data for table `flick`
--

LOCK TABLES `flick` WRITE;
/*!40000 ALTER TABLE `flick` DISABLE KEYS */;
/*!40000 ALTER TABLE `flick` ENABLE KEYS */;
UNLOCK TABLES;

--
-- Table structure for table `flick_comment`
--

DROP TABLE IF EXISTS `flick_comment`;
/*!40101 SET @saved_cs_client     = @@character_set_client */;
/*!40101 SET character_set_client = utf8 */;
CREATE TABLE `flick_comment` (
  `id` int(11) NOT NULL AUTO_INCREMENT,
  `flick_id` int(11) NOT NULL,
  `app_user_id` int(11) NOT NULL,
  `product_id` int(11) NOT NULL,
  `comment` varchar(512) NOT NULL,
  `created` datetime DEFAULT NULL,
  `modified` datetime DEFAULT NULL,
  `latitude` varchar(512) NOT NULL,
  `longitude` varchar(512) NOT NULL,
  PRIMARY KEY (`id`)
) ENGINE=InnoDB DEFAULT CHARSET=utf8;
/*!40101 SET character_set_client = @saved_cs_client */;

--
-- Dumping data for table `flick_comment`
--

LOCK TABLES `flick_comment` WRITE;
/*!40000 ALTER TABLE `flick_comment` DISABLE KEYS */;
/*!40000 ALTER TABLE `flick_comment` ENABLE KEYS */;
UNLOCK TABLES;

--
-- Table structure for table `flick_group`
--

DROP TABLE IF EXISTS `flick_group`;
/*!40101 SET @saved_cs_client     = @@character_set_client */;
/*!40101 SET character_set_client = utf8 */;
CREATE TABLE `flick_group` (
  `id` int(11) NOT NULL AUTO_INCREMENT,
  `group_name` varchar(512) NOT NULL,
  `app_user_id` int(11) NOT NULL,
  `created` datetime DEFAULT NULL,
  `modified` datetime DEFAULT NULL,
  PRIMARY KEY (`id`)
) ENGINE=InnoDB DEFAULT CHARSET=utf8;
/*!40101 SET character_set_client = @saved_cs_client */;

--
-- Dumping data for table `flick_group`
--

LOCK TABLES `flick_group` WRITE;
/*!40000 ALTER TABLE `flick_group` DISABLE KEYS */;
/*!40000 ALTER TABLE `flick_group` ENABLE KEYS */;
UNLOCK TABLES;

--
-- Table structure for table `flick_group_user`
--

DROP TABLE IF EXISTS `flick_group_user`;
/*!40101 SET @saved_cs_client     = @@character_set_client */;
/*!40101 SET character_set_client = utf8 */;
CREATE TABLE `flick_group_user` (
  `id` int(11) NOT NULL AUTO_INCREMENT,
  `flick_group_id` int(11) NOT NULL,
  `app_user_id` int(11) NOT NULL,
  `created` datetime DEFAULT NULL,
  `modified` datetime DEFAULT NULL,
  PRIMARY KEY (`id`)
) ENGINE=InnoDB DEFAULT CHARSET=utf8;
/*!40101 SET character_set_client = @saved_cs_client */;

--
-- Dumping data for table `flick_group_user`
--

LOCK TABLES `flick_group_user` WRITE;
/*!40000 ALTER TABLE `flick_group_user` DISABLE KEYS */;
/*!40000 ALTER TABLE `flick_group_user` ENABLE KEYS */;
UNLOCK TABLES;

--
-- Table structure for table `flick_with`
--

DROP TABLE IF EXISTS `flick_with`;
/*!40101 SET @saved_cs_client     = @@character_set_client */;
/*!40101 SET character_set_client = utf8 */;
CREATE TABLE `flick_with` (
  `id` int(11) NOT NULL AUTO_INCREMENT,
  `app_user_id` int(11) NOT NULL,
  `flick_id` int(11) NOT NULL,
  `created` datetime DEFAULT NULL,
  `modified` datetime DEFAULT NULL,
  PRIMARY KEY (`id`)
) ENGINE=InnoDB DEFAULT CHARSET=utf8;
/*!40101 SET character_set_client = @saved_cs_client */;

--
-- Dumping data for table `flick_with`
--

LOCK TABLES `flick_with` WRITE;
/*!40000 ALTER TABLE `flick_with` DISABLE KEYS */;
/*!40000 ALTER TABLE `flick_with` ENABLE KEYS */;
UNLOCK TABLES;

--
-- Table structure for table `hashtag_promotion`
--

DROP TABLE IF EXISTS `hashtag_promotion`;
/*!40101 SET @saved_cs_client     = @@character_set_client */;
/*!40101 SET character_set_client = utf8 */;
CREATE TABLE `hashtag_promotion` (
  `id` int(11) NOT NULL AUTO_INCREMENT,
  `hashtag_name` varchar(512) NOT NULL,
  `restaurant_id` int(11) NOT NULL,
  `from_datetime` datetime NOT NULL,
  `to_datetime` datetime NOT NULL,
  `is_active` tinyint(1) NOT NULL,
  `deleted` tinyint(1) NOT NULL,
  `created` datetime DEFAULT NULL,
  `modified` datetime DEFAULT NULL,
  PRIMARY KEY (`id`)
) ENGINE=InnoDB DEFAULT CHARSET=utf8;
/*!40101 SET character_set_client = @saved_cs_client */;

--
-- Dumping data for table `hashtag_promotion`
--

LOCK TABLES `hashtag_promotion` WRITE;
/*!40000 ALTER TABLE `hashtag_promotion` DISABLE KEYS */;
/*!40000 ALTER TABLE `hashtag_promotion` ENABLE KEYS */;
UNLOCK TABLES;

--
-- Table structure for table `hashtag_promotion_like`
--

DROP TABLE IF EXISTS `hashtag_promotion_like`;
/*!40101 SET @saved_cs_client     = @@character_set_client */;
/*!40101 SET character_set_client = utf8 */;
CREATE TABLE `hashtag_promotion_like` (
  `id` int(11) NOT NULL AUTO_INCREMENT,
  `hashtag_promotion_id` int(11) NOT NULL,
  `app_user_id` int(11) NOT NULL,
  `status` tinyint(1) NOT NULL,
  `restaurant_id` int(11) NOT NULL,
  `created` datetime DEFAULT NULL,
  `modified` datetime DEFAULT NULL,
  PRIMARY KEY (`id`)
) ENGINE=InnoDB DEFAULT CHARSET=utf8;
/*!40101 SET character_set_client = @saved_cs_client */;

--
-- Dumping data for table `hashtag_promotion_like`
--

LOCK TABLES `hashtag_promotion_like` WRITE;
/*!40000 ALTER TABLE `hashtag_promotion_like` DISABLE KEYS */;
/*!40000 ALTER TABLE `hashtag_promotion_like` ENABLE KEYS */;
UNLOCK TABLES;

--
-- Table structure for table `hashtag_promotion_product`
--

DROP TABLE IF EXISTS `hashtag_promotion_product`;
/*!40101 SET @saved_cs_client     = @@character_set_client */;
/*!40101 SET character_set_client = utf8 */;
CREATE TABLE `hashtag_promotion_product` (
  `id` int(11) NOT NULL AUTO_INCREMENT,
  `hashtag_promotion_id` int(11) NOT NULL,
  `product_id` int(11) NOT NULL,
  `product_price` decimal(9,2) NOT NULL,
  `deleted` tinyint(1) NOT NULL,
  `created` datetime DEFAULT NULL,
  `modified` datetime DEFAULT NULL,
  PRIMARY KEY (`id`)
) ENGINE=InnoDB DEFAULT CHARSET=utf8;
/*!40101 SET character_set_client = @saved_cs_client */;

--
-- Dumping data for table `hashtag_promotion_product`
--

LOCK TABLES `hashtag_promotion_product` WRITE;
/*!40000 ALTER TABLE `hashtag_promotion_product` DISABLE KEYS */;
/*!40000 ALTER TABLE `hashtag_promotion_product` ENABLE KEYS */;
UNLOCK TABLES;

--
-- Table structure for table `order_item`
--

DROP TABLE IF EXISTS `order_item`;
/*!40101 SET @saved_cs_client     = @@character_set_client */;
/*!40101 SET character_set_client = utf8 */;
CREATE TABLE `order_item` (
  `id` int(11) NOT NULL AUTO_INCREMENT,
  `item_price` decimal(9,2) NOT NULL,
  `product_id` int(11) DEFAULT NULL,
  `promotion_id` int(11) DEFAULT NULL,
  `promotion_product_ids` varchar(512) DEFAULT NULL,
  `no_of_items` int(11) NOT NULL,
  `total_price` decimal(9,2) NOT NULL,
  `app_user_order_id` int(11) NOT NULL,
  `gst_tax` decimal(9,2) NOT NULL,
  `wet_tax` decimal(9,2) NOT NULL,
  `created` datetime DEFAULT NULL,
  `modified` datetime DEFAULT NULL,
  `sub_product_id` int(11) DEFAULT NULL,
  `hashtag_promotion_id` int(11) DEFAULT NULL,
  `spiciness_index` int(1) NOT NULL,
  `product_size_id` int(11) NOT NULL,
  PRIMARY KEY (`id`)
) ENGINE=InnoDB AUTO_INCREMENT=209 DEFAULT CHARSET=utf8;
/*!40101 SET character_set_client = @saved_cs_client */;

--
-- Dumping data for table `order_item`
--

LOCK TABLES `order_item` WRITE;
/*!40000 ALTER TABLE `order_item` DISABLE KEYS */;
INSERT INTO `order_item` VALUES (1,50.00,15,0,'0',3,150.00,2,0.00,0.00,'2019-08-05 06:48:59','2019-08-05 06:48:59',0,0,1,0),(2,25.00,15,0,'0',1,25.00,2,0.00,0.00,'2019-08-05 06:48:59','2019-08-05 06:48:59',0,0,1,0),(3,10.00,14,0,'0',3,30.00,3,0.00,0.00,'2019-08-05 07:16:57','2019-08-05 07:16:57',0,0,0,0),(4,25.00,15,0,'0',4,100.00,3,0.00,0.00,'2019-08-05 07:16:57','2019-08-05 07:16:57',0,0,0,0),(5,25.00,15,0,'0',3,75.00,4,0.00,0.00,'2019-08-05 07:38:41','2019-08-05 07:38:41',0,0,1,0),(6,10.00,14,0,'0',1,10.00,4,0.00,0.00,'2019-08-05 07:38:41','2019-08-05 07:38:41',0,0,0,0),(7,25.00,15,0,'0',2,50.00,5,0.00,0.00,'2019-08-05 07:40:53','2019-08-05 07:40:53',0,0,0,0),(8,10.00,14,0,'0',3,30.00,6,0.00,0.00,'2019-08-05 08:19:42','2019-08-05 08:19:42',0,0,0,0),(9,100.00,9,0,'0',1,100.00,7,0.00,0.00,'2019-08-05 10:32:17','2019-08-05 10:32:17',0,0,2,0),(10,10.00,14,0,'0',2,20.00,8,0.00,0.00,'2019-08-06 05:06:52','2019-08-06 05:06:52',0,0,0,0),(11,25.00,2,0,'0',3,75.00,9,0.00,0.00,'2019-08-07 14:02:27','2019-08-07 14:02:27',0,0,0,0),(12,10.00,10,0,'0',2,20.00,10,0.00,0.00,'2019-08-07 14:14:19','2019-08-07 14:14:19',0,0,0,0),(13,10.00,10,0,'0',2,20.00,11,0.00,0.00,'2019-08-07 14:14:34','2019-08-07 14:14:34',0,0,0,0),(14,10.00,10,0,'0',2,20.00,12,0.00,0.00,'2019-08-07 14:14:58','2019-08-07 14:14:58',0,0,0,0),(15,10.00,10,0,'0',3,30.00,13,0.00,0.00,'2019-08-07 17:49:00','2019-08-07 17:49:00',0,0,0,0),(16,20.00,11,0,'0',1,20.00,13,0.00,0.00,'2019-08-07 17:49:00','2019-08-07 17:49:00',0,0,0,0),(17,50.00,15,0,'0',3,150.00,14,0.00,0.00,'2019-08-08 05:52:32','2019-08-08 05:52:32',0,0,0,0),(18,25.00,15,0,'0',1,25.00,15,0.00,0.00,'2019-08-08 08:13:49','2019-08-08 08:13:49',0,0,1,0),(19,35.00,15,0,'0',1,35.00,15,0.00,0.00,'2019-08-08 08:13:49','2019-08-08 08:13:49',0,0,4,0),(20,40.00,8,0,'0',1,40.00,15,0.00,0.00,'2019-08-08 08:13:49','2019-08-08 08:13:49',0,0,0,0),(21,25.00,2,0,'0',4,100.00,16,0.00,0.00,'2019-08-08 10:57:56','2019-08-08 10:57:56',0,0,0,0),(22,20.00,11,0,'0',4,80.00,16,0.00,0.00,'2019-08-08 10:57:56','2019-08-08 10:57:56',0,0,0,0),(23,10.00,10,0,'0',3,30.00,17,0.00,0.00,'2019-08-08 12:34:15','2019-08-08 12:34:15',0,0,0,0),(24,50.00,1,0,'0',1,50.00,17,0.00,0.00,'2019-08-08 12:34:15','2019-08-08 12:34:15',0,0,0,0),(25,25.00,2,0,'0',2,50.00,17,0.00,0.00,'2019-08-08 12:34:15','2019-08-08 12:34:15',0,0,1,0),(26,20.00,4,0,'0',2,40.00,18,0.00,0.00,'2019-08-09 05:19:06','2019-08-09 05:19:06',0,0,0,0),(27,50.00,1,0,'0',1,50.00,18,0.00,0.00,'2019-08-09 05:19:06','2019-08-09 05:19:06',0,0,0,0),(28,25.00,3,0,'0',1,25.00,18,0.00,0.00,'2019-08-09 05:19:06','2019-08-09 05:19:06',0,0,0,0),(29,25.00,2,0,'0',1,25.00,18,0.00,0.00,'2019-08-09 05:19:06','2019-08-09 05:19:06',0,0,0,0),(30,25.00,15,0,'0',2,50.00,19,0.00,0.00,'2019-08-09 07:57:57','2019-08-09 07:57:57',0,0,1,0),(31,100.00,19,0,'0',2,200.00,19,0.00,0.00,'2019-08-09 07:57:57','2019-08-09 07:57:57',0,0,1,0),(32,25.00,15,0,'0',3,75.00,20,0.00,0.00,'2019-08-09 08:30:01','2019-08-09 08:30:01',0,0,1,0),(33,50.00,1,0,'0',2,100.00,21,0.00,0.00,'2019-08-09 10:14:40','2019-08-09 10:14:40',0,0,0,0),(34,25.00,3,0,'0',1,25.00,21,0.00,0.00,'2019-08-09 10:14:40','2019-08-09 10:14:40',0,0,0,0),(35,50.00,1,0,'0',2,100.00,22,0.00,0.00,'2019-08-09 10:14:47','2019-08-09 10:14:47',0,0,0,0),(36,25.00,3,0,'0',1,25.00,22,0.00,0.00,'2019-08-09 10:14:47','2019-08-09 10:14:47',0,0,0,0),(37,25.00,2,0,'0',4,100.00,23,0.00,0.00,'2019-08-09 16:34:07','2019-08-09 16:34:07',0,0,2,0),(38,10.00,10,0,'0',2,20.00,23,0.00,0.00,'2019-08-09 16:34:07','2019-08-09 16:34:07',0,0,0,0),(39,20.00,11,0,'0',1,20.00,23,0.00,0.00,'2019-08-09 16:34:07','2019-08-09 16:34:07',0,0,0,0),(40,50.00,1,0,'0',1,50.00,23,0.00,0.00,'2019-08-09 16:34:07','2019-08-09 16:34:07',0,0,0,0),(41,25.00,3,0,'0',1,25.00,23,0.00,0.00,'2019-08-09 16:34:07','2019-08-09 16:34:07',0,0,0,0),(42,50.00,1,0,'0',1,50.00,24,0.00,0.00,'2019-08-11 11:00:17','2019-08-11 11:00:17',0,0,0,0),(43,25.00,2,0,'0',2,50.00,25,0.00,0.00,'2019-08-12 13:53:15','2019-08-12 13:53:15',0,0,1,0),(44,25.00,2,0,'0',1,25.00,26,0.00,0.00,'2019-08-13 05:09:13','2019-08-13 05:09:13',0,0,1,0),(45,15.00,2,0,'0',1,15.00,26,0.00,0.00,'2019-08-13 05:09:13','2019-08-13 05:09:13',0,0,3,0),(46,25.00,3,0,'0',1,25.00,27,0.00,0.00,'2019-08-13 13:44:59','2019-08-13 13:44:59',0,0,0,0),(47,50.00,1,0,'0',1,50.00,28,0.00,0.00,'2019-08-14 05:35:23','2019-08-14 05:35:23',0,0,0,0),(48,25.00,3,0,'0',1,25.00,28,0.00,0.00,'2019-08-14 05:35:23','2019-08-14 05:35:23',0,0,0,0),(49,50.00,13,0,'0',1,50.00,28,0.00,0.00,'2019-08-14 05:35:23','2019-08-14 05:35:23',0,0,0,0),(50,30.00,17,0,'0',1,30.00,29,0.00,0.00,'2019-08-14 06:59:01','2019-08-14 06:59:01',0,0,0,0),(51,25.00,3,0,'0',1,25.00,30,0.00,0.00,'2019-08-14 13:48:01','2019-08-14 13:48:01',0,0,0,0),(52,20.00,12,0,'0',3,60.00,30,0.00,0.00,'2019-08-14 13:48:01','2019-08-14 13:48:01',0,0,1,0),(53,50.00,12,0,'0',3,150.00,30,0.00,0.00,'2019-08-14 13:48:01','2019-08-14 13:48:01',0,0,2,0),(54,25.00,3,0,'0',1,25.00,31,0.00,0.00,'2019-08-14 13:48:22','2019-08-14 13:48:22',0,0,0,0),(55,20.00,12,0,'0',3,60.00,31,0.00,0.00,'2019-08-14 13:48:22','2019-08-14 13:48:22',0,0,1,0),(56,50.00,12,0,'0',3,150.00,31,0.00,0.00,'2019-08-14 13:48:22','2019-08-14 13:48:22',0,0,2,0),(57,25.00,3,0,'0',1,25.00,32,0.00,0.00,'2019-08-14 13:48:48','2019-08-14 13:48:48',0,0,0,0),(58,20.00,12,0,'0',3,60.00,32,0.00,0.00,'2019-08-14 13:48:48','2019-08-14 13:48:48',0,0,1,0),(59,50.00,12,0,'0',3,150.00,32,0.00,0.00,'2019-08-14 13:48:48','2019-08-14 13:48:48',0,0,2,0),(60,25.00,3,0,'0',2,50.00,33,0.00,0.00,'2019-08-14 13:59:51','2019-08-14 13:59:51',0,0,0,0),(61,50.00,1,0,'0',2,100.00,34,0.00,0.00,'2019-08-14 14:08:48','2019-08-14 14:08:48',0,0,0,0),(62,10.00,10,0,'0',1,10.00,35,0.00,0.00,'2019-08-15 02:15:47','2019-08-15 02:15:47',0,0,0,0),(63,50.00,1,0,'0',3,150.00,36,0.00,0.00,'2019-08-16 04:53:04','2019-08-16 04:53:04',0,0,0,0),(64,25.00,3,0,'0',4,100.00,36,0.00,0.00,'2019-08-16 04:53:04','2019-08-16 04:53:04',0,0,0,0),(65,35.00,12,0,'0',1,35.00,36,0.00,0.00,'2019-08-16 04:53:04','2019-08-16 04:53:04',0,0,1,0),(66,35.00,12,0,'0',5,175.00,37,0.00,0.00,'2019-08-16 05:00:08','2019-08-16 05:00:08',0,0,1,0),(67,50.00,12,0,'0',1,50.00,37,0.00,0.00,'2019-08-16 05:00:08','2019-08-16 05:00:08',0,0,4,0),(68,35.00,12,0,'0',2,70.00,38,0.00,0.00,'2019-08-16 05:01:49','2019-08-16 05:01:49',0,0,1,0),(69,20.00,12,0,'0',1,20.00,38,0.00,0.00,'2019-08-16 05:01:49','2019-08-16 05:01:49',0,0,2,0),(70,50.00,1,0,'0',4,200.00,39,0.00,0.00,'2019-08-16 05:05:34','2019-08-16 05:05:34',0,0,0,0),(71,50.00,1,0,'0',1,50.00,40,0.00,0.00,'2019-08-16 05:08:44','2019-08-16 05:08:44',0,0,0,0),(72,50.00,1,0,'0',3,150.00,41,0.00,0.00,'2019-08-16 05:48:04','2019-08-16 05:48:04',0,0,0,0),(73,20.00,4,0,'0',1,20.00,42,0.00,0.00,'2019-08-16 06:12:29','2019-08-16 06:12:29',0,0,0,0),(74,5.00,22,0,'0',1,5.00,42,0.00,0.00,'2019-08-16 06:12:29','2019-08-16 06:12:29',0,0,0,0),(75,25.00,3,0,'0',1,25.00,44,0.00,0.00,'2019-08-16 11:34:31','2019-08-16 11:34:31',0,0,0,0),(76,25.00,3,0,'0',2,50.00,45,0.00,0.00,'2019-08-16 11:46:44','2019-08-16 11:46:44',0,0,0,0),(77,25.00,3,0,'0',3,75.00,46,0.00,0.00,'2019-08-16 12:07:23','2019-08-16 12:07:23',0,0,0,4),(78,60.00,8,0,'0',4,240.00,47,0.00,0.00,'2019-08-16 12:19:52','2019-08-16 12:19:52',0,0,0,10),(79,35.00,7,0,'0',1,35.00,48,0.00,0.00,'2019-08-16 12:45:03','2019-08-16 12:45:03',0,0,0,8),(80,40.00,8,0,'0',1,40.00,48,0.00,0.00,'2019-08-16 12:45:03','2019-08-16 12:45:03',0,0,1,9),(81,50.00,15,0,'0',2,100.00,49,0.00,0.00,'2019-08-16 12:57:12','2019-08-16 12:57:12',0,0,0,19),(82,25.00,15,0,'0',1,25.00,49,0.00,0.00,'2019-08-16 12:57:12','2019-08-16 12:57:12',0,0,1,21),(83,35.00,7,0,'0',3,105.00,50,0.00,0.00,'2019-08-16 13:50:28','2019-08-16 13:50:28',0,0,0,8),(84,60.00,8,0,'0',3,180.00,50,0.00,0.00,'2019-08-16 13:50:28','2019-08-16 13:50:28',0,0,1,10),(85,100.00,8,0,'0',1,100.00,50,0.00,0.00,'2019-08-16 13:50:28','2019-08-16 13:50:28',0,0,3,11),(86,35.00,7,0,'0',1,35.00,51,0.00,0.00,'2019-08-19 04:39:52','2019-08-19 04:39:52',0,0,0,8),(87,40.00,8,0,'0',2,80.00,51,0.00,0.00,'2019-08-19 04:39:52','2019-08-19 04:39:52',0,0,0,9),(88,100.00,19,0,'0',2,200.00,51,0.00,0.00,'2019-08-19 04:39:52','2019-08-19 04:39:52',0,0,0,26),(89,35.00,7,0,'0',3,105.00,52,0.00,0.00,'2019-08-19 08:07:57','2019-08-19 08:07:57',0,0,0,8),(90,60.00,8,0,'0',2,120.00,52,0.00,0.00,'2019-08-19 08:07:57','2019-08-19 08:07:57',0,0,1,10),(91,100.00,8,0,'0',2,200.00,52,0.00,0.00,'2019-08-19 08:07:57','2019-08-19 08:07:57',0,0,3,11),(92,35.00,7,0,'0',3,105.00,53,0.00,0.00,'2019-08-19 08:19:14','2019-08-19 08:19:14',0,0,0,8),(93,40.00,8,0,'0',2,80.00,53,0.00,0.00,'2019-08-19 08:19:14','2019-08-19 08:19:14',0,0,0,9),(94,100.00,19,0,'0',2,200.00,53,0.00,0.00,'2019-08-19 08:19:14','2019-08-19 08:19:14',0,0,0,26),(95,35.00,7,0,'0',1,35.00,54,0.00,0.00,'2019-08-19 08:23:21','2019-08-19 08:23:21',0,0,0,8),(96,40.00,8,0,'0',2,80.00,54,0.00,0.00,'2019-08-19 08:23:21','2019-08-19 08:23:21',0,0,0,9),(97,100.00,19,0,'0',2,200.00,54,0.00,0.00,'2019-08-19 08:23:21','2019-08-19 08:23:21',0,0,0,26),(98,50.00,15,0,'0',3,150.00,54,0.00,0.00,'2019-08-19 08:23:21','2019-08-19 08:23:21',0,0,2,19),(99,20.00,18,0,'0',2,40.00,54,0.00,0.00,'2019-08-19 08:23:21','2019-08-19 08:23:21',0,0,2,24),(100,35.00,7,0,'0',1,35.00,55,0.00,0.00,'2019-08-19 08:25:21','2019-08-19 08:25:21',0,0,0,8),(101,40.00,8,0,'0',2,80.00,55,0.00,0.00,'2019-08-19 08:25:21','2019-08-19 08:25:21',0,0,0,9),(102,100.00,19,0,'0',2,200.00,55,0.00,0.00,'2019-08-19 08:25:21','2019-08-19 08:25:21',0,0,0,26),(103,20.00,18,0,'0',1,20.00,55,0.00,0.00,'2019-08-19 08:25:21','2019-08-19 08:25:21',0,0,2,24),(104,35.00,7,0,'0',2,70.00,56,0.00,0.00,'2019-08-20 05:52:00','2019-08-20 05:52:00',0,0,0,8),(105,35.00,15,0,'0',2,70.00,56,0.00,0.00,'2019-08-20 05:52:00','2019-08-20 05:52:00',0,0,1,22),(106,35.00,7,0,'0',1,35.00,57,0.00,0.00,'2019-08-20 05:54:15','2019-08-20 05:54:15',0,0,0,8),(107,40.00,8,0,'0',2,80.00,57,0.00,0.00,'2019-08-20 05:54:15','2019-08-20 05:54:15',0,0,0,9),(108,100.00,19,0,'0',2,200.00,57,0.00,0.00,'2019-08-20 05:54:15','2019-08-20 05:54:15',0,0,0,26),(109,20.00,18,0,'0',2,40.00,57,0.00,0.00,'2019-08-20 05:54:15','2019-08-20 05:54:15',0,0,2,24),(110,50.00,1,0,'0',13,650.00,59,0.00,0.00,'2019-08-21 06:02:53','2019-08-21 06:02:53',0,0,2,1),(111,25.00,3,0,'0',9,225.00,59,0.00,0.00,'2019-08-21 06:02:53','2019-08-21 06:02:53',0,0,0,4),(112,50.00,13,0,'0',5,250.00,59,0.00,0.00,'2019-08-21 06:02:53','2019-08-21 06:02:53',0,0,0,17),(113,25.00,3,0,'0',1,25.00,60,0.00,0.00,'2019-08-21 09:59:46','2019-08-21 09:59:46',0,0,0,4),(114,50.00,1,0,'0',3,150.00,60,0.00,0.00,'2019-08-21 09:59:46','2019-08-21 09:59:46',0,0,1,1),(115,25.00,1,0,'0',1,25.00,60,0.00,0.00,'2019-08-21 09:59:46','2019-08-21 09:59:46',0,0,3,13),(116,50.00,13,0,'0',1,50.00,60,0.00,0.00,'2019-08-21 09:59:46','2019-08-21 09:59:46',0,0,0,17),(117,50.00,1,0,'0',4,200.00,61,0.00,0.00,'2019-08-21 12:07:55','2019-08-21 12:07:55',0,0,1,1),(118,25.00,3,0,'0',2,50.00,61,0.00,0.00,'2019-08-21 12:07:55','2019-08-21 12:07:55',0,0,0,4),(119,50.00,13,0,'0',2,100.00,61,0.00,0.00,'2019-08-21 12:07:55','2019-08-21 12:07:55',0,0,0,17),(120,35.00,7,0,'0',1,35.00,62,0.00,0.00,'2019-08-22 09:28:31','2019-08-22 09:28:31',0,0,0,8),(121,60.00,8,0,'0',2,120.00,62,0.00,0.00,'2019-08-22 09:28:31','2019-08-22 09:28:31',0,0,1,10),(122,35.00,7,0,'0',4,140.00,63,0.00,0.00,'2019-08-22 09:53:55','2019-08-22 09:53:55',0,0,0,8),(123,60.00,8,0,'0',1,60.00,63,0.00,0.00,'2019-08-22 09:53:55','2019-08-22 09:53:55',0,0,1,10),(124,35.00,7,0,'0',1,35.00,64,0.00,0.00,'2019-08-22 09:56:53','2019-08-22 09:56:53',0,0,0,8),(125,35.00,7,0,'0',2,70.00,65,0.00,0.00,'2019-08-22 14:18:40','2019-08-22 14:18:40',0,0,0,8),(126,25.00,3,0,'0',4,100.00,66,0.00,0.00,'2019-08-23 01:50:26','2019-08-23 01:50:26',0,0,0,4),(127,50.00,13,0,'0',1,50.00,66,0.00,0.00,'2019-08-23 01:50:26','2019-08-23 01:50:26',0,0,0,17),(128,35.00,7,0,'0',2,70.00,67,0.00,0.00,'2019-08-23 04:53:25','2019-08-23 04:53:25',0,0,0,8),(129,10.00,18,0,'0',1,10.00,67,0.00,0.00,'2019-08-23 04:53:25','2019-08-23 04:53:25',0,0,1,25),(130,35.00,7,0,'0',2,70.00,68,0.00,0.00,'2019-08-23 05:09:55','2019-08-23 05:09:55',0,0,0,8),(131,10.00,18,0,'0',1,10.00,68,0.00,0.00,'2019-08-23 05:09:55','2019-08-23 05:09:55',0,0,1,25),(132,35.00,7,0,'0',4,140.00,69,0.00,0.00,'2019-08-23 06:09:45','2019-08-23 06:09:45',0,0,0,8),(133,35.00,7,0,'0',5,175.00,70,0.00,0.00,'2019-08-23 06:36:54','2019-08-23 06:36:54',0,0,0,8),(134,35.00,7,0,'0',4,140.00,71,0.00,0.00,'2019-08-23 06:51:56','2019-08-23 06:51:56',0,0,0,8),(135,35.00,7,0,'0',1,35.00,72,0.00,0.00,'2019-08-23 07:28:27','2019-08-23 07:28:27',0,0,0,8),(136,35.00,7,0,'0',4,140.00,73,0.00,0.00,'2019-08-23 09:21:52','2019-08-23 09:21:52',0,0,0,8),(137,35.00,7,0,'0',4,140.00,74,0.00,0.00,'2019-08-23 09:30:28','2019-08-23 09:30:28',0,0,0,8),(138,40.00,8,0,'0',1,40.00,74,0.00,0.00,'2019-08-23 09:30:28','2019-08-23 09:30:28',0,0,0,9),(139,35.00,7,0,'0',4,140.00,75,0.00,0.00,'2019-08-23 10:42:48','2019-08-23 10:42:48',0,0,0,8),(140,40.00,8,0,'0',1,40.00,75,0.00,0.00,'2019-08-23 10:42:48','2019-08-23 10:42:48',0,0,0,9),(141,35.00,7,0,'0',4,140.00,76,0.00,0.00,'2019-08-23 11:19:24','2019-08-23 11:19:24',0,0,0,8),(142,35.00,7,0,'0',4,140.00,77,0.00,0.00,'2019-08-23 11:20:05','2019-08-23 11:20:05',0,0,0,8),(143,35.00,7,0,'0',2,70.00,78,0.00,0.00,'2019-08-23 11:23:30','2019-08-23 11:23:30',0,0,0,8),(144,35.00,7,0,'0',1,35.00,79,0.00,0.00,'2019-08-23 11:43:28','2019-08-23 11:43:28',0,0,0,8),(145,35.00,7,0,'0',1,35.00,80,0.00,0.00,'2019-08-23 12:09:01','2019-08-23 12:09:01',0,0,0,8),(146,35.00,7,0,'0',1,35.00,81,0.00,0.00,'2019-08-23 12:13:48','2019-08-23 12:13:48',0,0,0,8),(147,35.00,7,0,'0',1,35.00,82,0.00,0.00,'2019-08-25 04:39:26','2019-08-25 04:39:26',0,0,0,8),(148,60.00,8,0,'0',1,60.00,82,0.00,0.00,'2019-08-25 04:39:26','2019-08-25 04:39:26',0,0,1,10),(149,10.00,33,0,'0',2,20.00,83,0.00,0.00,'2019-08-26 04:16:14','2019-08-26 04:16:14',0,0,0,44),(150,35.00,7,0,'0',1,35.00,84,0.00,0.00,'2019-08-26 05:50:25','2019-08-26 05:50:25',0,0,0,8),(151,60.00,8,0,'0',1,60.00,84,0.00,0.00,'2019-08-26 05:50:25','2019-08-26 05:50:25',0,0,1,10),(152,50.00,32,0,'0',1,50.00,85,0.00,0.00,'2019-08-26 05:54:23','2019-08-26 05:54:23',0,0,0,43),(153,50.00,32,0,'0',7,350.00,86,0.00,0.00,'2019-08-26 09:18:57','2019-08-26 09:18:57',0,0,0,43),(154,25.00,3,0,'0',2,50.00,87,0.00,0.00,'2019-08-26 09:29:06','2019-08-26 09:29:06',0,0,0,4),(155,35.00,7,0,'0',5,175.00,88,0.00,0.00,'2019-08-26 10:15:41','2019-08-26 10:15:41',0,0,0,8),(156,60.00,8,0,'0',1,60.00,88,0.00,0.00,'2019-08-26 10:15:41','2019-08-26 10:15:41',0,0,1,10),(157,35.00,7,0,'0',5,175.00,89,0.00,0.00,'2019-08-26 13:47:59','2019-08-26 13:47:59',0,0,0,8),(158,60.00,8,0,'0',1,60.00,89,0.00,0.00,'2019-08-26 13:47:59','2019-08-26 13:47:59',0,0,1,10),(159,10.00,33,0,'0',3,30.00,90,0.00,0.00,'2019-08-26 13:55:46','2019-08-26 13:55:46',0,0,0,44),(160,10.00,33,0,'0',2,20.00,91,0.00,0.00,'2019-08-26 15:08:43','2019-08-26 15:08:43',0,0,0,44),(161,35.00,7,0,'0',5,175.00,92,0.00,0.00,'2019-08-27 04:14:39','2019-08-27 04:14:39',0,0,0,8),(162,60.00,8,0,'0',1,60.00,92,0.00,0.00,'2019-08-27 04:14:39','2019-08-27 04:14:39',0,0,1,10),(163,35.00,7,0,'0',8,280.00,93,0.00,0.00,'2019-08-27 06:00:30','2019-08-27 06:00:30',0,0,0,8),(164,35.00,7,0,'0',8,280.00,94,0.00,0.00,'2019-08-27 06:06:16','2019-08-27 06:06:16',0,0,0,8),(165,35.00,7,0,'0',8,280.00,95,0.00,0.00,'2019-08-27 06:17:11','2019-08-27 06:17:11',0,0,0,8),(166,40.00,8,0,'0',1,40.00,95,0.00,0.00,'2019-08-27 06:17:11','2019-08-27 06:17:11',0,0,1,9),(167,35.00,7,0,'0',1,35.00,96,0.00,0.00,'2019-08-27 06:23:08','2019-08-27 06:23:08',0,0,0,8),(168,35.00,7,0,'0',1,35.00,97,0.00,0.00,'2019-08-27 06:24:56','2019-08-27 06:24:56',0,0,0,8),(169,35.00,7,0,'0',8,280.00,98,0.00,0.00,'2019-08-28 05:47:13','2019-08-28 05:47:13',0,0,0,8),(170,50.00,32,0,'0',3,150.00,99,0.00,0.00,'2019-08-28 10:04:58','2019-08-28 10:04:58',0,0,0,43),(171,50.00,32,0,'0',1,50.00,101,0.00,0.00,'2019-08-29 11:24:32','2019-08-29 11:24:32',0,0,0,43),(172,50.00,32,0,'0',3,150.00,102,0.00,0.00,'2019-08-29 12:01:52','2019-08-29 12:01:52',0,0,0,43),(173,50.00,32,0,'0',2,100.00,103,0.00,0.00,'2019-08-29 12:06:08','2019-08-29 12:06:08',0,0,0,43),(174,35.00,7,0,'0',1,35.00,104,0.00,0.00,'2019-08-30 12:50:27','2019-08-30 12:50:27',0,0,0,8),(175,60.00,8,0,'0',2,120.00,104,0.00,0.00,'2019-08-30 12:50:27','2019-08-30 12:50:27',0,0,0,10),(176,25.00,15,0,'0',2,50.00,104,0.00,0.00,'2019-08-30 12:50:27','2019-08-30 12:50:27',0,0,0,21),(177,50.00,31,0,'0',1,50.00,106,0.00,0.00,'2019-09-04 05:35:09','2019-09-04 05:35:09',0,0,0,42),(178,10.00,29,0,'0',2,20.00,107,0.00,0.00,'2019-09-06 08:12:44','2019-09-06 08:12:44',0,0,0,40),(179,50.00,1,0,'0',3,150.00,108,0.00,0.00,'2019-09-06 08:25:10','2019-09-06 08:25:10',0,0,1,1),(180,25.00,3,0,'0',4,100.00,108,0.00,0.00,'2019-09-06 08:25:10','2019-09-06 08:25:10',0,0,0,4),(181,25.00,3,0,'0',5,125.00,109,0.00,0.00,'2019-09-06 08:29:28','2019-09-06 08:29:28',0,0,0,4),(182,10.00,29,0,'0',1,10.00,110,0.00,0.00,'2019-09-06 10:54:09','2019-09-06 10:54:09',0,0,0,40),(183,110.00,30,0,'0',1,110.00,110,0.00,0.00,'2019-09-06 10:54:09','2019-09-06 10:54:09',0,0,0,41),(184,50.00,32,0,'0',1,50.00,110,0.00,0.00,'2019-09-06 10:54:09','2019-09-06 10:54:09',0,0,0,43),(185,10.00,36,0,'0',1,10.00,110,0.00,0.00,'2019-09-06 10:54:09','2019-09-06 10:54:09',0,0,0,47),(186,10.00,37,0,'0',1,10.00,110,0.00,0.00,'2019-09-06 10:54:09','2019-09-06 10:54:09',0,0,0,48),(187,50.00,1,0,'0',3,150.00,110,0.00,0.00,'2019-09-06 10:54:09','2019-09-06 10:54:09',0,0,4,1),(188,10.00,29,0,'0',1,10.00,111,0.00,0.00,'2019-09-08 12:59:24','2019-09-08 12:59:24',0,0,0,40),(189,110.00,30,0,'0',4,440.00,117,0.00,0.00,'2019-09-11 15:09:06','2019-09-11 15:09:06',0,0,0,41),(190,110.00,30,0,'0',1,110.00,122,0.00,0.00,'2019-10-23 13:57:21','2019-10-23 13:57:21',0,0,0,41),(191,80.00,20,0,'0',1,80.00,123,0.00,0.00,'2019-10-23 13:58:46','2019-10-23 13:58:46',0,0,0,28),(192,40.00,20,0,'0',1,40.00,124,0.00,0.00,'2019-10-23 14:04:54','2019-10-23 14:04:54',0,0,0,29),(193,10.00,29,0,'0',1,10.00,125,0.00,0.00,'2020-02-10 09:12:18','2020-02-10 09:12:18',0,0,0,40),(194,110.00,30,0,'0',1,110.00,126,0.00,0.00,'2020-02-10 09:15:21','2020-02-10 09:15:21',0,0,0,41),(195,10.00,29,0,'0',1,10.00,127,0.00,0.00,'2020-02-10 11:26:23','2020-02-10 11:26:23',0,0,0,40),(196,10.00,29,0,'0',1,10.00,128,0.00,0.00,'2020-02-10 13:26:57','2020-02-10 13:26:57',0,0,0,40),(197,10.00,29,0,'0',1,10.00,129,0.00,0.00,'2020-02-12 09:15:28','2020-02-12 09:15:28',0,0,0,40),(198,10.00,29,0,'0',1,10.00,130,0.00,0.00,'2020-02-12 09:20:01','2020-02-12 09:20:01',0,0,0,40),(199,10.00,29,0,'0',1,10.00,131,0.00,0.00,'2020-02-12 13:43:23','2020-02-12 13:43:23',0,0,0,40),(200,10.00,29,0,'0',1,10.00,132,0.00,0.00,'2020-02-13 11:51:25','2020-02-13 11:51:25',0,0,0,40),(201,10.00,29,0,'0',1,10.00,133,0.00,0.00,'2020-02-13 11:52:41','2020-02-13 11:52:41',0,0,0,40),(202,10.00,29,0,'0',1,10.00,134,0.00,0.00,'2020-02-13 13:00:50','2020-02-13 13:00:50',0,0,0,40),(203,10.00,29,0,'0',1,10.00,135,0.00,0.00,'2020-02-14 05:06:05','2020-02-14 05:06:05',0,0,0,40),(204,10.00,29,0,'0',1,10.00,136,0.00,0.00,'2020-02-14 05:08:13','2020-02-14 05:08:13',0,0,0,40),(205,10.00,29,0,'0',1,10.00,137,0.00,0.00,'2020-02-14 05:17:54','2020-02-14 05:17:54',0,0,0,40),(206,10.00,29,0,'0',1,10.00,138,0.00,0.00,'2020-02-14 05:51:25','2020-02-14 05:51:25',0,0,0,40),(207,10.00,29,0,'0',1,10.00,139,0.00,0.00,'2020-02-14 07:20:33','2020-02-14 07:20:33',0,0,0,40),(208,10.00,29,0,'0',1,10.00,140,0.00,0.00,'2020-02-14 09:36:38','2020-02-14 09:36:38',0,0,0,40);
/*!40000 ALTER TABLE `order_item` ENABLE KEYS */;
UNLOCK TABLES;

--
-- Table structure for table `product`
--

DROP TABLE IF EXISTS `product`;
/*!40101 SET @saved_cs_client     = @@character_set_client */;
/*!40101 SET character_set_client = utf8 */;
CREATE TABLE `product` (
  `id` int(11) NOT NULL AUTO_INCREMENT,
  `product_name` varchar(200) NOT NULL,
  `description` text,
  `product_category_id` int(11) NOT NULL,
  `restaurant_id` int(11) NOT NULL,
  `cuisine_id` int(11) NOT NULL,
  `overall_rating` decimal(2,1) DEFAULT NULL,
  `dine_in` text,
  `gst_taxable` tinyint(1) DEFAULT NULL,
  `wet_taxable` tinyint(1) DEFAULT NULL,
  `total_like` int(11) DEFAULT NULL,
  `total_flicks` int(11) DEFAULT NULL,
  `created` datetime DEFAULT NULL,
  `modified` datetime DEFAULT NULL,
  `tags` varchar(512) DEFAULT NULL,
  `spiciness` int(1) NOT NULL,
  `is_chief_favourite` tinyint(1) DEFAULT NULL,
  `deleted` tinyint(1) NOT NULL,
  `available` tinyint(1) NOT NULL,
  PRIMARY KEY (`id`)
) ENGINE=InnoDB AUTO_INCREMENT=46 DEFAULT CHARSET=utf8;
/*!40101 SET character_set_client = @saved_cs_client */;

--
-- Dumping data for table `product`
--

LOCK TABLES `product` WRITE;
/*!40000 ALTER TABLE `product` DISABLE KEYS */;
INSERT INTO `product` VALUES (1,'Brownie','Flour, Butter,cake,cocoa powder',5,1,0,NULL,NULL,1,0,NULL,NULL,'2019-07-29 06:56:37','2020-02-20 07:17:21',NULL,0,0,0,1),(2,'Muffin','Flour,leavening, Vegetable oil, sugar',2,1,0,NULL,NULL,1,0,NULL,NULL,'2019-07-29 06:59:22','2019-08-14 04:58:42',NULL,0,0,1,1),(3,'Gulab jamun','Sugar dough,saffron,khoa',5,1,0,NULL,NULL,1,0,NULL,NULL,'2019-07-29 07:05:36','2019-09-24 09:52:19',NULL,0,0,0,1),(4,'Egg Sandwich','Egg,Bread,butter',10,1,0,NULL,NULL,1,0,NULL,NULL,'2019-07-29 09:04:44','2019-07-31 10:54:23',NULL,0,0,0,1),(5,'Badam Shake','Milk,almonds',5,1,0,NULL,NULL,1,0,NULL,NULL,'2019-07-29 12:09:17','2019-07-29 12:09:37',NULL,0,0,1,1),(6,'Bharuch Special Mattha','Flavours, Butter milk',5,1,0,NULL,NULL,1,0,NULL,NULL,'2019-07-29 12:11:39','2019-07-29 12:11:59',NULL,0,0,1,1),(7,'Cheese egg sandwich','Cheese ,egg ,bread',21,2,0,NULL,NULL,1,0,NULL,NULL,'2019-07-29 13:15:10','2019-09-04 12:12:55',NULL,0,0,0,0),(8,'Veg fried rice','Rice ,vegtables',16,2,0,NULL,NULL,1,0,NULL,NULL,'2019-07-29 13:16:03','2019-09-04 12:13:01',NULL,0,0,0,1),(9,'Plain Cawa','Coco powder,milk',5,2,0,NULL,NULL,1,0,NULL,NULL,'2019-07-29 13:16:41','2019-08-28 06:39:03',NULL,0,0,0,0),(10,'Tea','Tea powder,water',3,1,0,NULL,NULL,1,0,NULL,NULL,'2019-07-31 10:58:43','2019-08-23 10:33:35',NULL,0,0,0,1),(11,'Cold coffee','Coffee Powder,milk,ice',3,1,0,NULL,NULL,1,0,NULL,NULL,'2019-07-31 10:59:54','2019-08-19 04:33:24',NULL,0,0,0,1),(12,'Corn salad','Corns,spices, salt',9,1,0,NULL,NULL,1,0,NULL,NULL,'2019-07-31 11:02:21','2019-08-13 05:06:04',NULL,0,0,0,1),(13,'Anjeer halwa','Anjeer ,milk',5,1,0,NULL,NULL,1,0,NULL,NULL,'2019-07-31 11:05:57','2019-09-24 09:52:22',NULL,0,0,0,1),(14,'Lemon juice','Lemons,water,ice',3,2,0,NULL,NULL,1,0,NULL,NULL,'2019-08-01 06:14:20','2019-08-06 08:47:48',NULL,0,0,0,0),(15,'Cashew cookies','Cashew',2,2,0,NULL,NULL,1,0,NULL,NULL,'2019-08-01 06:15:51','2019-09-04 12:12:57',NULL,0,0,0,1),(16,'Th','Hh',5,2,0,NULL,NULL,1,0,NULL,NULL,'2019-08-01 12:23:35','2019-08-01 12:29:15',NULL,0,0,1,1),(17,'Muffin','Flour , leavening,veg oil,sugar',2,2,0,NULL,NULL,1,0,NULL,NULL,'2019-08-07 05:18:27','2019-08-07 05:19:42',NULL,0,0,0,1),(18,'Biscuits','Flour,veg oil,sugar',2,2,0,NULL,NULL,1,0,NULL,NULL,'2019-08-07 05:21:45','2019-09-04 12:12:59',NULL,0,0,0,1),(19,'Non veg Manchurian','Flour, vegetable oil,',15,2,0,NULL,NULL,1,0,NULL,NULL,'2019-08-07 05:22:59','2019-09-04 12:13:04',NULL,0,0,0,1),(20,'Veg Manchurian','Flour, vegetable oil,',15,2,0,NULL,NULL,1,0,NULL,NULL,'2019-08-07 05:23:11','2019-09-04 12:13:05',NULL,0,0,0,1),(21,'Burrito','Burrito',16,1,0,NULL,NULL,1,0,NULL,NULL,'2019-08-09 06:55:48','2019-08-09 07:14:30',NULL,0,1,1,1),(22,'Coffee','Coffee',3,1,0,NULL,NULL,1,0,NULL,NULL,'2019-08-13 04:50:04','2019-08-19 04:33:12',NULL,0,0,0,1),(23,'Choko Cookies','Flour , Choko powder, vegetable oil, Sugar',2,9,0,NULL,NULL,1,0,NULL,NULL,'2019-08-13 07:17:30','2019-08-13 09:08:21',NULL,0,0,0,1),(24,'Dhal','Dhal',16,10,0,NULL,NULL,1,0,NULL,NULL,'2019-08-15 02:16:51','2019-08-16 06:17:27',NULL,0,0,0,1),(25,'Hopper','String Hopper',16,10,0,NULL,NULL,1,0,NULL,NULL,'2019-08-16 06:13:24','2019-08-16 06:15:09',NULL,0,0,0,1),(26,'Rice','Rice',16,1,0,NULL,NULL,1,0,NULL,NULL,'2019-08-16 09:21:30','2019-08-23 10:17:13',NULL,0,0,1,1),(27,'Bhel puri','Bhel Puri',25,1,0,NULL,NULL,1,0,NULL,NULL,'2019-08-22 13:26:26','2019-09-18 11:39:22',NULL,0,0,0,1),(28,'Pani puri','Puri',25,1,0,NULL,NULL,1,0,NULL,NULL,'2019-08-22 14:24:31','2019-08-27 06:10:46',NULL,0,0,0,1),(29,'Strawberry Ice cream','Icecream',5,1,0,NULL,NULL,1,0,NULL,NULL,'2019-08-23 10:06:40','2019-09-13 12:00:39',NULL,0,1,0,0),(30,'Grilled Pork','',16,1,0,NULL,NULL,1,0,NULL,NULL,'2019-08-23 10:12:12','2019-09-13 12:15:54',NULL,0,1,0,0),(31,'Plain Rice','Rice',16,1,0,NULL,NULL,1,0,NULL,NULL,'2019-08-23 10:18:02','2019-09-24 09:52:08',NULL,0,0,0,1),(32,'Pasta','Pasta',15,1,0,NULL,NULL,1,0,NULL,NULL,'2019-08-23 10:19:47','2019-09-05 05:37:18',NULL,0,1,0,1),(33,'Pongal','Pongal',16,1,0,NULL,NULL,1,0,NULL,NULL,'2019-08-26 04:11:59','2019-09-24 09:52:03',NULL,0,0,0,1),(34,'one Sandwich 9','ingreedient : Veg, cheese, onion, etc',1,1,1,NULL,NULL,1,0,NULL,NULL,'2019-08-26 13:50:01','2020-02-18 07:16:15',NULL,0,0,0,0),(35,'Masala dosa','Masala dosa',16,1,0,NULL,NULL,1,0,NULL,NULL,'2019-08-26 15:05:34','2019-09-24 09:49:17',NULL,0,0,0,1),(36,'Dosa','Rice flour',15,1,0,NULL,NULL,1,0,NULL,NULL,'2019-08-28 10:35:21','2019-09-12 12:38:09',NULL,0,0,0,1),(37,'Vadai','Vada',15,1,0,NULL,NULL,1,0,NULL,NULL,'2019-08-28 14:59:17','2019-09-24 09:50:12',NULL,0,0,0,0),(38,'Lemon Juice','Lemon,Water,Ice,Sugar,salt',26,1,0,NULL,NULL,1,0,NULL,NULL,'2019-08-30 05:26:52','2019-09-24 09:49:35',NULL,0,0,0,1),(39,'Dal','Dhal',16,1,0,NULL,NULL,1,0,NULL,NULL,'2019-09-05 05:44:15','2019-09-24 09:49:52',NULL,0,0,0,1),(40,'Sphagetti aglio olio','Aglio olio pasta',16,1,0,NULL,NULL,1,0,NULL,NULL,'2019-09-13 12:02:21','2019-09-13 12:05:36',NULL,0,0,1,1),(41,'Potato spud','Potato spud',16,1,0,NULL,NULL,1,0,NULL,NULL,'2019-09-13 12:05:58','2019-09-13 12:06:52',NULL,0,0,1,1),(42,'Potato spud','Potato spud',16,1,0,NULL,NULL,1,0,NULL,NULL,'2019-09-13 12:06:59','2019-09-13 12:06:59',NULL,0,0,0,1),(43,'Curd','Curd',21,1,0,NULL,NULL,1,0,NULL,NULL,'2019-09-24 09:50:33','2019-09-24 09:50:33',NULL,0,0,0,1),(44,'Lassi','Curd',16,1,0,NULL,NULL,1,0,NULL,NULL,'2019-09-24 09:53:11','2019-09-24 09:53:52',NULL,0,0,0,1),(45,'one Sandwich 10','ingreedient : Veg, cheese, onion, etc',1,1,1,NULL,NULL,1,0,NULL,NULL,'2020-02-18 03:57:40','2020-02-18 03:57:40',NULL,0,0,0,1);
/*!40000 ALTER TABLE `product` ENABLE KEYS */;
UNLOCK TABLES;

--
-- Table structure for table `product_category`
--

DROP TABLE IF EXISTS `product_category`;
/*!40101 SET @saved_cs_client     = @@character_set_client */;
/*!40101 SET character_set_client = utf8 */;
CREATE TABLE `product_category` (
  `id` int(11) NOT NULL AUTO_INCREMENT,
  `product_category_name` varchar(200) NOT NULL,
  `created` datetime DEFAULT NULL,
  `modified` datetime DEFAULT NULL,
  `restaurant_id` int(11) NOT NULL,
  `deleted` tinyint(1) NOT NULL,
  `slug` varchar(200) DEFAULT NULL,
  PRIMARY KEY (`id`)
) ENGINE=InnoDB AUTO_INCREMENT=27 DEFAULT CHARSET=utf8;
/*!40101 SET character_set_client = @saved_cs_client */;

--
-- Dumping data for table `product_category`
--

LOCK TABLES `product_category` WRITE;
/*!40000 ALTER TABLE `product_category` DISABLE KEYS */;
INSERT INTO `product_category` VALUES (5,'Desserts','2016-12-13 09:42:42','2016-12-13 09:42:42',0,0,NULL),(15,'Starters','2016-12-13 09:44:52','2016-12-13 09:44:52',0,0,NULL),(16,'Main Course','2016-12-13 09:44:59','2016-12-13 09:44:59',0,0,NULL),(21,'Specials',NULL,NULL,0,0,'specials'),(25,'Chaat','2019-08-22 13:26:05','2019-08-22 13:26:05',1,0,NULL),(26,'Drinks','2019-08-26 13:50:01','2019-08-26 13:50:01',1,0,NULL);
/*!40000 ALTER TABLE `product_category` ENABLE KEYS */;
UNLOCK TABLES;

--
-- Table structure for table `product_feature`
--

DROP TABLE IF EXISTS `product_feature`;
/*!40101 SET @saved_cs_client     = @@character_set_client */;
/*!40101 SET character_set_client = utf8 */;
CREATE TABLE `product_feature` (
  `id` int(11) NOT NULL AUTO_INCREMENT,
  `alcoholic_beverage_only` tinyint(1) DEFAULT NULL,
  `non_alcoholic_only` tinyint(1) DEFAULT NULL,
  `contains_poultry_only` tinyint(1) DEFAULT NULL,
  `contains_seafood_only` tinyint(1) DEFAULT NULL,
  `on_kids_menu_only` tinyint(1) DEFAULT NULL,
  `on_breakfast_menu_only` tinyint(1) DEFAULT NULL,
  `kosher` tinyint(1) DEFAULT NULL,
  `halal` tinyint(1) DEFAULT NULL,
  `is_vegetarian` tinyint(1) DEFAULT NULL,
  `gluten_free` tinyint(1) DEFAULT NULL,
  `lactose_free` tinyint(1) DEFAULT NULL,
  `vegan` tinyint(1) DEFAULT NULL,
  `low_carb` tinyint(1) DEFAULT NULL,
  `high_fibre` tinyint(1) DEFAULT NULL,
  `low_GI` tinyint(1) DEFAULT NULL,
  `nut_free` tinyint(1) DEFAULT NULL,
  `product_id` int(11) NOT NULL,
  `created` datetime DEFAULT NULL,
  `modified` datetime DEFAULT NULL,
  `contain_beef` tinyint(1) DEFAULT NULL,
  `contain_lamb` tinyint(1) DEFAULT NULL,
  `contain_pork` tinyint(1) DEFAULT NULL,
  `contain_beef_or_pork_only` tinyint(1) DEFAULT NULL,
  PRIMARY KEY (`id`)
) ENGINE=InnoDB AUTO_INCREMENT=46 DEFAULT CHARSET=utf8;
/*!40101 SET character_set_client = @saved_cs_client */;

--
-- Dumping data for table `product_feature`
--

LOCK TABLES `product_feature` WRITE;
/*!40000 ALTER TABLE `product_feature` DISABLE KEYS */;
INSERT INTO `product_feature` VALUES (1,0,0,1,0,1,0,0,0,0,0,0,0,0,0,0,0,1,'2019-07-29 06:56:37','2019-09-24 09:44:19',0,0,0,0),(2,0,0,1,0,0,0,0,0,1,0,0,0,0,0,0,0,2,'2019-07-29 06:59:22','2019-08-09 11:22:18',0,0,0,0),(3,0,0,0,0,0,0,0,0,1,0,0,0,0,0,0,0,3,'2019-07-29 07:05:36','2019-09-12 12:38:01',0,0,0,0),(4,0,0,1,0,0,0,0,0,1,0,0,1,0,0,0,0,4,'2019-07-29 09:04:44','2019-07-31 05:31:30',0,0,0,0),(5,0,0,0,0,1,0,0,0,1,0,0,0,0,0,0,0,5,'2019-07-29 12:09:17','2019-07-29 12:09:23',0,0,0,0),(6,0,0,0,0,0,0,0,0,1,0,0,0,0,0,0,0,6,'2019-07-29 12:11:39','2019-07-29 12:11:42',0,0,0,0),(7,0,0,1,0,0,0,0,0,1,1,1,0,0,0,0,0,7,'2019-07-29 13:15:10','2019-08-23 06:07:03',0,0,0,0),(8,0,0,0,0,0,0,0,0,1,0,0,0,0,0,0,0,8,'2019-07-29 13:16:03','2019-07-30 04:47:52',0,0,0,0),(9,0,0,0,0,1,0,0,0,1,0,0,0,0,0,0,0,9,'2019-07-29 13:16:41','2019-08-28 06:39:05',0,0,0,0),(10,0,1,0,0,0,0,0,0,0,0,0,0,0,0,0,0,10,'2019-07-31 10:58:43','2019-08-08 06:21:16',0,0,0,0),(11,0,1,0,0,0,0,0,0,0,0,0,0,0,0,0,0,11,'2019-07-31 10:59:54','2019-08-08 10:27:56',0,0,0,0),(12,0,0,0,0,1,1,0,0,1,0,0,0,0,0,0,0,12,'2019-07-31 11:02:21','2019-08-12 09:49:46',0,0,0,0),(13,0,0,0,0,0,0,0,0,1,0,0,0,0,0,0,0,13,'2019-07-31 11:05:57','2019-09-12 12:37:52',0,0,0,0),(14,0,1,0,0,0,0,0,0,0,0,0,0,0,0,0,0,14,'2019-08-01 06:14:20','2019-08-01 06:14:26',0,0,0,0),(15,0,0,0,0,1,0,0,0,0,0,0,0,0,0,0,0,15,'2019-08-01 06:15:51','2019-08-06 12:23:04',0,0,0,0),(16,0,0,0,0,0,0,0,0,0,0,0,0,0,0,0,0,16,'2019-08-01 12:23:35','2019-08-01 12:23:35',0,0,0,0),(17,0,0,0,0,1,0,0,0,0,0,0,0,0,0,0,0,17,'2019-08-07 05:18:27','2019-08-07 05:18:33',0,0,0,0),(18,0,0,0,0,1,0,0,0,1,0,0,0,0,0,0,0,18,'2019-08-07 05:21:45','2019-08-07 05:35:27',0,0,0,0),(19,0,0,1,0,0,0,0,0,0,0,0,1,0,0,0,0,19,'2019-08-07 05:22:59','2019-08-07 05:23:59',0,0,0,0),(20,0,0,0,0,1,0,0,0,1,0,0,1,0,0,0,0,20,'2019-08-07 05:23:11','2019-08-07 05:23:26',0,0,0,0),(21,0,0,0,0,0,0,0,0,0,0,0,1,0,0,0,0,21,'2019-08-09 06:55:48','2019-08-09 07:14:39',0,0,0,0),(22,0,0,0,0,0,0,0,0,0,0,1,0,1,0,0,0,22,'2019-08-13 04:50:04','2019-08-13 04:50:19',0,0,0,0),(23,0,0,0,0,1,0,0,0,1,0,0,0,0,0,0,0,23,'2019-08-13 07:17:30','2019-08-13 07:17:41',0,0,0,0),(24,0,0,0,0,0,0,0,0,1,0,0,1,1,0,0,0,24,'2019-08-15 02:16:51','2019-08-15 02:17:02',0,0,0,0),(25,0,0,0,0,0,0,0,0,1,1,0,0,1,0,0,0,25,'2019-08-16 06:13:24','2019-08-16 06:15:00',0,0,0,0),(26,0,0,0,0,0,0,0,0,1,0,0,0,0,0,0,0,26,'2019-08-16 09:21:30','2019-08-23 10:16:34',0,0,0,0),(27,0,0,0,0,0,0,0,0,1,0,0,0,0,0,0,0,27,'2019-08-22 13:26:26','2019-09-18 11:39:24',0,0,0,0),(28,0,0,0,0,0,0,0,0,1,0,0,0,0,0,0,0,28,'2019-08-22 14:24:31','2019-08-27 06:10:50',0,0,0,0),(29,0,0,0,0,0,0,0,0,1,0,0,0,0,0,0,0,29,'2019-08-23 10:06:40','2019-09-13 12:00:42',0,0,0,0),(30,0,0,0,0,0,0,0,0,0,0,0,0,0,1,1,0,30,'2019-08-23 10:12:12','2019-08-27 06:04:20',0,0,1,0),(31,0,0,0,0,0,0,0,0,1,0,0,0,0,0,0,0,31,'2019-08-23 10:18:02','2019-08-27 06:04:07',0,0,0,0),(32,0,0,0,0,1,0,0,0,0,0,0,0,0,0,0,0,32,'2019-08-23 10:19:47','2019-08-28 10:39:44',0,0,0,0),(33,0,0,0,0,0,0,0,0,1,0,0,0,0,0,1,0,33,'2019-08-26 04:11:59','2019-08-29 05:39:07',0,0,0,0),(34,0,1,0,0,0,0,0,0,0,0,0,0,0,0,0,0,34,'2019-08-26 13:50:01','2019-09-24 09:51:49',0,0,0,0),(35,0,0,0,0,0,0,0,0,1,1,0,1,0,0,0,0,35,'2019-08-26 15:05:34','2019-09-24 09:49:19',0,0,0,0),(36,0,0,0,0,0,0,0,0,1,0,0,0,0,0,0,0,36,'2019-08-28 10:35:21','2019-09-12 12:38:10',0,0,0,0),(37,0,0,0,0,0,0,0,0,0,0,0,0,1,1,0,0,37,'2019-08-28 14:59:17','2019-09-24 09:50:14',0,0,0,0),(38,0,0,0,0,0,0,0,0,1,0,0,0,0,0,0,0,38,'2019-08-30 05:26:52','2019-09-24 09:49:37',0,0,0,0),(39,0,0,0,0,0,0,0,0,1,0,0,0,0,0,0,0,39,'2019-09-05 05:44:15','2019-09-24 09:49:54',0,0,0,0),(40,0,0,0,0,0,0,0,0,1,0,0,0,0,0,0,0,40,'2019-09-13 12:02:21','2019-09-13 12:02:31',0,0,0,0),(41,0,0,0,0,0,0,0,0,1,0,0,0,0,0,0,0,41,'2019-09-13 12:05:58','2019-09-13 12:06:30',0,0,0,0),(42,0,0,0,0,0,0,0,0,1,0,0,0,0,0,0,0,42,'2019-09-13 12:06:59','2019-09-13 12:07:02',0,0,0,0),(43,0,0,0,0,0,0,0,0,1,0,0,0,0,0,0,0,43,'2019-09-24 09:50:33','2019-09-24 09:50:36',0,0,0,0),(44,0,0,0,0,0,0,0,0,1,0,0,0,0,0,0,0,44,'2019-09-24 09:53:11','2019-09-24 09:53:54',0,0,0,0),(45,0,0,0,0,0,0,0,0,0,0,0,0,0,0,0,0,45,'2020-02-18 03:57:40','2020-02-18 03:57:40',0,0,0,0);
/*!40000 ALTER TABLE `product_feature` ENABLE KEYS */;
UNLOCK TABLES;

--
-- Table structure for table `product_feature_image`
--

DROP TABLE IF EXISTS `product_feature_image`;
/*!40101 SET @saved_cs_client     = @@character_set_client */;
/*!40101 SET character_set_client = utf8 */;
CREATE TABLE `product_feature_image` (
  `id` int(11) NOT NULL AUTO_INCREMENT,
  `feature_slug` varchar(512) NOT NULL,
  `feature_name` varchar(512) NOT NULL,
  `img_url` varchar(512) NOT NULL,
  PRIMARY KEY (`id`)
) ENGINE=InnoDB AUTO_INCREMENT=16 DEFAULT CHARSET=utf8;
/*!40101 SET character_set_client = @saved_cs_client */;

--
-- Dumping data for table `product_feature_image`
--

LOCK TABLES `product_feature_image` WRITE;
/*!40000 ALTER TABLE `product_feature_image` DISABLE KEYS */;
INSERT INTO `product_feature_image` VALUES (1,'low_GI','Low GI','image-1486473716264-index.jpeg'),(2,'high_fibre','High Fibre','image-1486538399537-high_fibre.jpg'),(3,'contain_beef','Contain Beef','image-1486537668859-contain_beaf.jpg'),(4,'contains_poultry_only','Contains Poultry Only','image-1486537711193-contains_poultry_only.jpg'),(5,'contains_seafood_only','Contains Seafood Only','image-1486538313537-contains_seafood_only.jpg'),(6,'kosher','Kosher','image-1486537765070-kosher.jpg'),(7,'halal','Halal','image-1486537791535-halal.jpg'),(8,'is_vegetarian','Is Vegetarian','image-1486537812300-is_vegetarian.jpg'),(9,'gluten_free','Gluten Free','image-1486537860911-gluten_free.jpg'),(10,'lactose_free','Lactose Free','image-1486537896753-lactose_free.jpg'),(11,'vegan','Vegan','image-1486537920120-vegan.jpg'),(12,'low_carb','Low Carb','image-1486537950463-low_carb.jpg'),(13,'nut_free','Nut Free','image-1486537986630-nut_free.jpg'),(14,'contain_lamb','Contain Lamb','image-1486538006004-contain_lamb.jpg'),(15,'contain_pork','Contain Pork','image-1486538028445-contain_pork.jpg');
/*!40000 ALTER TABLE `product_feature_image` ENABLE KEYS */;
UNLOCK TABLES;

--
-- Table structure for table `product_image`
--

DROP TABLE IF EXISTS `product_image`;
/*!40101 SET @saved_cs_client     = @@character_set_client */;
/*!40101 SET character_set_client = utf8 */;
CREATE TABLE `product_image` (
  `id` int(11) NOT NULL AUTO_INCREMENT,
  `image_name` varchar(200) NOT NULL,
  `type` varchar(512) DEFAULT NULL,
  `product_id` int(11) NOT NULL,
  `restaurant_id` int(11) NOT NULL,
  `created` datetime DEFAULT NULL,
  `modified` datetime DEFAULT NULL,
  PRIMARY KEY (`id`)
) ENGINE=InnoDB AUTO_INCREMENT=39 DEFAULT CHARSET=utf8;
/*!40101 SET character_set_client = @saved_cs_client */;

--
-- Dumping data for table `product_image`
--

LOCK TABLES `product_image` WRITE;
/*!40000 ALTER TABLE `product_image` DISABLE KEYS */;
INSERT INTO `product_image` VALUES (1,'image-1564383449949-1564383446057.jpg','image/jpeg',1,1,'2019-07-29 06:57:30','2019-07-29 06:57:30'),(2,'image-1564383740051-4963-1-small.jpg','image/jpeg',2,1,'2019-07-29 07:02:20','2019-07-29 07:02:20'),(3,'image-1564384016017-images.jpeg','image/jpeg',3,1,'2019-07-29 07:06:56','2019-07-29 07:06:56'),(4,'image-1564551033242-4963-1-small.jpg','image/jpeg',7,2,'2019-07-31 05:30:34','2019-07-31 05:30:34'),(6,'image-1565089375914-images.jpeg','image/jpeg',10,1,'2019-08-06 11:02:56','2019-08-06 11:02:56'),(7,'image-1565155144396-1565155140194.jpg','image/jpeg',17,2,'2019-08-07 05:19:04','2019-08-07 05:19:04'),(8,'image-1565156153860-1565156148200.jpg','image/jpeg',18,2,'2019-08-07 05:35:54','2019-08-07 05:35:54'),(9,'image-1565333803703-.pic.jpg','image/jpeg',21,1,'2019-08-09 06:56:44','2019-08-09 06:56:44'),(10,'image-1565349780015-1565349767473.jpg','image/jpeg',12,1,'2019-08-09 11:23:00','2019-08-09 11:23:00'),(11,'image-1565671855671-1565671853577.jpg','image/jpeg',22,1,'2019-08-13 04:50:56','2019-08-13 04:50:56'),(12,'image-1565680678250-4963-1-small.jpg','image/jpeg',23,9,'2019-08-13 07:17:58','2019-08-13 07:17:58'),(13,'image-1565835446455-1565835438743.jpg','image/jpeg',24,10,'2019-08-15 02:17:27','2019-08-15 02:17:27'),(14,'image-1565936066561-1565936028919.jpg','image/jpeg',25,10,'2019-08-16 06:14:26','2019-08-16 06:14:26'),(15,'image-1565947320388-cdv_photo_019.jpg','image/jpeg',26,1,'2019-08-16 09:22:00','2019-08-16 09:22:00'),(16,'image-1566483960873-1566483884749.jpg','image/jpeg',28,1,'2019-08-22 14:26:01','2019-08-22 14:26:01'),(17,'image-1566554868525-photo-1497034825429-c343d7c6a68f.jpeg','image/jpeg',29,1,'2019-08-23 10:07:49','2019-08-23 10:07:49'),(18,'image-1566555499183-photo-1536489885071-87983c3e2859.jpeg','image/jpeg',31,1,'2019-08-23 10:18:19','2019-08-23 10:18:19'),(19,'image-1566555615386-photo-1481931098730-318b6f776db0.jpeg','image/jpeg',32,1,'2019-08-23 10:20:15','2019-08-23 10:20:15'),(20,'image-1566792762977-1566792754574.jpg','image/jpeg',33,1,'2019-08-26 04:12:43','2019-08-26 04:12:43'),(21,'image-1566827473149-1566827429917.jpg','image/jpeg',34,1,'2019-08-26 13:51:14','2019-08-26 13:51:14'),(22,'image-1566885958487-1566885890281.jpg','image/jpeg',30,1,'2019-08-27 06:05:58','2019-08-27 06:05:58'),(23,'image-1566984152554-1566984133883.jpg','image/jpeg',35,1,'2019-08-28 09:22:32','2019-08-28 09:22:32'),(24,'image-1567071588566-1567071562709.jpg','image/jpeg',37,1,'2019-08-29 09:39:48','2019-08-29 09:39:48'),(25,'image-1567142831982-lemonade-3468107_1920.jpg','image/jpeg',38,1,'2019-08-30 05:27:13','2019-08-30 05:27:13'),(26,'image-1567662282482-1567662275802.jpg','image/jpeg',39,1,'2019-09-05 05:44:43','2019-09-05 05:44:43'),(27,'image-1568376374319-img-20190912-wa0020.jpg','image/jpeg',41,1,'2019-09-13 12:06:16','2019-09-13 12:06:16'),(28,'image-1568376431686-img-20190912-wa0020.jpg','image/jpeg',42,1,'2019-09-13 12:07:11','2019-09-13 12:07:11'),(29,'image-1568804380507-pizza-toppings.png','image/png',1,1,'2019-09-18 10:59:40','2019-09-18 10:59:40'),(30,'image-1568883380510-image-1568803968562-pizza.jpeg','image/jpeg',4,1,'2019-09-19 08:56:20','2019-09-19 08:56:20'),(31,'image-1569318641672-images-(6).jpeg','image/jpeg',43,1,'2019-09-24 09:50:42','2019-09-24 09:50:42'),(32,'image-1569318798933-images-(6).jpeg','image/jpeg',44,1,'2019-09-24 09:53:19','2019-09-24 09:53:19'),(36,'image-1581672223737-photo-1540189549336-e6e99c3679fe.jpeg','image/jpeg',4,1,'2020-02-14 09:23:43','2020-02-14 09:23:43'),(37,'image-1581998208046-photo-1540189549336-e6e99c3679fe.jpeg','image/jpeg',4,1,'2020-02-18 03:56:48','2020-02-18 03:56:48'),(38,'image-1582010160456-photo-1540189549336-e6e99c3679fe.jpeg','image/jpeg',4,1,'2020-02-18 07:16:02','2020-02-18 07:16:02');
/*!40000 ALTER TABLE `product_image` ENABLE KEYS */;
UNLOCK TABLES;

--
-- Table structure for table `product_like`
--

DROP TABLE IF EXISTS `product_like`;
/*!40101 SET @saved_cs_client     = @@character_set_client */;
/*!40101 SET character_set_client = utf8 */;
CREATE TABLE `product_like` (
  `id` int(11) NOT NULL AUTO_INCREMENT,
  `product_id` int(11) NOT NULL,
  `flick_id` int(11) NOT NULL,
  `app_user_id` int(11) NOT NULL,
  `status` tinyint(1) NOT NULL,
  `created` datetime DEFAULT NULL,
  `modified` datetime DEFAULT NULL,
  PRIMARY KEY (`id`)
) ENGINE=InnoDB DEFAULT CHARSET=utf8;
/*!40101 SET character_set_client = @saved_cs_client */;

--
-- Dumping data for table `product_like`
--

LOCK TABLES `product_like` WRITE;
/*!40000 ALTER TABLE `product_like` DISABLE KEYS */;
/*!40000 ALTER TABLE `product_like` ENABLE KEYS */;
UNLOCK TABLES;

--
-- Table structure for table `product_meta_data`
--

DROP TABLE IF EXISTS `product_meta_data`;
/*!40101 SET @saved_cs_client     = @@character_set_client */;
/*!40101 SET character_set_client = utf8 */;
CREATE TABLE `product_meta_data` (
  `id` int(11) NOT NULL AUTO_INCREMENT,
  `calories` int(11) DEFAULT NULL,
  `total_fat` varchar(200) DEFAULT NULL,
  `saturated_fat` varchar(200) DEFAULT NULL,
  `trans_fat` varchar(200) DEFAULT NULL,
  `cholesterol` varchar(200) DEFAULT NULL,
  `sodium` varchar(200) DEFAULT NULL,
  `potassium` varchar(200) DEFAULT NULL,
  `carbohydrates` varchar(200) DEFAULT NULL,
  `fiber` varchar(200) DEFAULT NULL,
  `sugar` varchar(200) DEFAULT NULL,
  `protein` varchar(200) DEFAULT NULL,
  `product_id` int(11) NOT NULL,
  `created` datetime DEFAULT NULL,
  `modified` datetime DEFAULT NULL,
  PRIMARY KEY (`id`)
) ENGINE=InnoDB AUTO_INCREMENT=46 DEFAULT CHARSET=utf8;
/*!40101 SET character_set_client = @saved_cs_client */;

--
-- Dumping data for table `product_meta_data`
--

LOCK TABLES `product_meta_data` WRITE;
/*!40000 ALTER TABLE `product_meta_data` DISABLE KEYS */;
INSERT INTO `product_meta_data` VALUES (1,NULL,NULL,NULL,NULL,NULL,NULL,NULL,NULL,NULL,NULL,NULL,1,'2019-07-29 06:56:37','2019-07-29 06:56:37'),(2,NULL,NULL,NULL,NULL,NULL,NULL,NULL,NULL,NULL,NULL,NULL,2,'2019-07-29 06:59:22','2019-07-29 06:59:22'),(3,NULL,NULL,NULL,NULL,NULL,NULL,NULL,NULL,NULL,NULL,NULL,3,'2019-07-29 07:05:36','2019-07-29 07:05:36'),(4,NULL,NULL,NULL,NULL,NULL,NULL,NULL,NULL,NULL,NULL,NULL,4,'2019-07-29 09:04:44','2019-07-29 09:04:44'),(5,NULL,NULL,NULL,NULL,NULL,NULL,NULL,NULL,NULL,NULL,NULL,5,'2019-07-29 12:09:17','2019-07-29 12:09:17'),(6,NULL,NULL,NULL,NULL,NULL,NULL,NULL,NULL,NULL,NULL,NULL,6,'2019-07-29 12:11:39','2019-07-29 12:11:39'),(7,NULL,NULL,NULL,NULL,NULL,NULL,NULL,NULL,NULL,NULL,NULL,7,'2019-07-29 13:15:10','2019-07-29 13:15:10'),(8,NULL,NULL,NULL,NULL,NULL,NULL,NULL,NULL,NULL,NULL,NULL,8,'2019-07-29 13:16:03','2019-07-29 13:16:03'),(9,NULL,NULL,NULL,NULL,NULL,NULL,NULL,NULL,NULL,NULL,NULL,9,'2019-07-29 13:16:41','2019-07-29 13:16:41'),(10,NULL,NULL,NULL,NULL,NULL,NULL,NULL,NULL,NULL,NULL,NULL,10,'2019-07-31 10:58:43','2019-07-31 10:58:43'),(11,NULL,NULL,NULL,NULL,NULL,NULL,NULL,NULL,NULL,NULL,NULL,11,'2019-07-31 10:59:54','2019-07-31 10:59:54'),(12,NULL,NULL,NULL,NULL,NULL,NULL,NULL,NULL,NULL,NULL,NULL,12,'2019-07-31 11:02:21','2019-07-31 11:02:21'),(13,NULL,NULL,NULL,NULL,NULL,NULL,NULL,NULL,NULL,NULL,NULL,13,'2019-07-31 11:05:57','2019-07-31 11:05:57'),(14,NULL,NULL,NULL,NULL,NULL,NULL,NULL,NULL,NULL,NULL,NULL,14,'2019-08-01 06:14:20','2019-08-01 06:14:20'),(15,NULL,NULL,NULL,NULL,NULL,NULL,NULL,NULL,NULL,NULL,NULL,15,'2019-08-01 06:15:51','2019-08-01 06:15:51'),(16,NULL,NULL,NULL,NULL,NULL,NULL,NULL,NULL,NULL,NULL,NULL,16,'2019-08-01 12:23:35','2019-08-01 12:23:35'),(17,NULL,NULL,NULL,NULL,NULL,NULL,NULL,NULL,NULL,NULL,NULL,17,'2019-08-07 05:18:27','2019-08-07 05:18:27'),(18,NULL,NULL,NULL,NULL,NULL,NULL,NULL,NULL,NULL,NULL,NULL,18,'2019-08-07 05:21:45','2019-08-07 05:21:45'),(19,NULL,NULL,NULL,NULL,NULL,NULL,NULL,NULL,NULL,NULL,NULL,19,'2019-08-07 05:22:59','2019-08-07 05:22:59'),(20,NULL,NULL,NULL,NULL,NULL,NULL,NULL,NULL,NULL,NULL,NULL,20,'2019-08-07 05:23:11','2019-08-07 05:23:11'),(21,NULL,NULL,NULL,NULL,NULL,NULL,NULL,NULL,NULL,NULL,NULL,21,'2019-08-09 06:55:48','2019-08-09 06:55:48'),(22,NULL,NULL,NULL,NULL,NULL,NULL,NULL,NULL,NULL,NULL,NULL,22,'2019-08-13 04:50:04','2019-08-13 04:50:04'),(23,NULL,NULL,NULL,NULL,NULL,NULL,NULL,NULL,NULL,NULL,NULL,23,'2019-08-13 07:17:30','2019-08-13 07:17:30'),(24,NULL,NULL,NULL,NULL,NULL,NULL,NULL,NULL,NULL,NULL,NULL,24,'2019-08-15 02:16:51','2019-08-15 02:16:51'),(25,NULL,NULL,NULL,NULL,NULL,NULL,NULL,NULL,NULL,NULL,NULL,25,'2019-08-16 06:13:24','2019-08-16 06:13:24'),(26,NULL,NULL,NULL,NULL,NULL,NULL,NULL,NULL,NULL,NULL,NULL,26,'2019-08-16 09:21:30','2019-08-16 09:21:30'),(27,NULL,NULL,NULL,NULL,NULL,NULL,NULL,NULL,NULL,NULL,NULL,27,'2019-08-22 13:26:26','2019-08-22 13:26:26'),(28,NULL,NULL,NULL,NULL,NULL,NULL,NULL,NULL,NULL,NULL,NULL,28,'2019-08-22 14:24:31','2019-08-22 14:24:31'),(29,NULL,NULL,NULL,NULL,NULL,NULL,NULL,NULL,NULL,NULL,NULL,29,'2019-08-23 10:06:40','2019-08-23 10:06:40'),(30,NULL,NULL,NULL,NULL,NULL,NULL,NULL,NULL,NULL,NULL,NULL,30,'2019-08-23 10:12:12','2019-08-23 10:12:12'),(31,NULL,NULL,NULL,NULL,NULL,NULL,NULL,NULL,NULL,NULL,NULL,31,'2019-08-23 10:18:02','2019-08-23 10:18:02'),(32,NULL,NULL,NULL,NULL,NULL,NULL,NULL,NULL,NULL,NULL,NULL,32,'2019-08-23 10:19:47','2019-08-23 10:19:47'),(33,NULL,NULL,NULL,NULL,NULL,NULL,NULL,NULL,NULL,NULL,NULL,33,'2019-08-26 04:11:59','2019-08-26 04:11:59'),(34,NULL,NULL,NULL,NULL,NULL,NULL,NULL,NULL,NULL,NULL,NULL,34,'2019-08-26 13:50:01','2019-08-26 13:50:01'),(35,NULL,NULL,NULL,NULL,NULL,NULL,NULL,NULL,NULL,NULL,NULL,35,'2019-08-26 15:05:34','2019-08-26 15:05:34'),(36,NULL,NULL,NULL,NULL,NULL,NULL,NULL,NULL,NULL,NULL,NULL,36,'2019-08-28 10:35:21','2019-08-28 10:35:21'),(37,NULL,NULL,NULL,NULL,NULL,NULL,NULL,NULL,NULL,NULL,NULL,37,'2019-08-28 14:59:17','2019-08-28 14:59:17'),(38,NULL,NULL,NULL,NULL,NULL,NULL,NULL,NULL,NULL,NULL,NULL,38,'2019-08-30 05:26:52','2019-08-30 05:26:52'),(39,NULL,NULL,NULL,NULL,NULL,NULL,NULL,NULL,NULL,NULL,NULL,39,'2019-09-05 05:44:15','2019-09-05 05:44:15'),(40,NULL,NULL,NULL,NULL,NULL,NULL,NULL,NULL,NULL,NULL,NULL,40,'2019-09-13 12:02:21','2019-09-13 12:02:21'),(41,NULL,NULL,NULL,NULL,NULL,NULL,NULL,NULL,NULL,NULL,NULL,41,'2019-09-13 12:05:58','2019-09-13 12:05:58'),(42,NULL,NULL,NULL,NULL,NULL,NULL,NULL,NULL,NULL,NULL,NULL,42,'2019-09-13 12:06:59','2019-09-13 12:06:59'),(43,NULL,NULL,NULL,NULL,NULL,NULL,NULL,NULL,NULL,NULL,NULL,43,'2019-09-24 09:50:33','2019-09-24 09:50:33'),(44,NULL,NULL,NULL,NULL,NULL,NULL,NULL,NULL,NULL,NULL,NULL,44,'2019-09-24 09:53:11','2019-09-24 09:53:11'),(45,NULL,NULL,NULL,NULL,NULL,NULL,NULL,NULL,NULL,NULL,NULL,45,'2020-02-18 03:57:40','2020-02-18 03:57:40');
/*!40000 ALTER TABLE `product_meta_data` ENABLE KEYS */;
UNLOCK TABLES;

--
-- Table structure for table `product_size`
--

DROP TABLE IF EXISTS `product_size`;
/*!40101 SET @saved_cs_client     = @@character_set_client */;
/*!40101 SET character_set_client = utf8 */;
CREATE TABLE `product_size` (
  `id` int(11) NOT NULL AUTO_INCREMENT,
  `product_id` int(11) NOT NULL,
  `size` varchar(512) NOT NULL,
  `price` decimal(9,2) NOT NULL,
  `weight` int(11) DEFAULT NULL,
  `deleted` tinyint(1) NOT NULL,
  PRIMARY KEY (`id`)
) ENGINE=InnoDB AUTO_INCREMENT=61 DEFAULT CHARSET=utf8;
/*!40101 SET character_set_client = @saved_cs_client */;

--
-- Dumping data for table `product_size`
--

LOCK TABLES `product_size` WRITE;
/*!40000 ALTER TABLE `product_size` DISABLE KEYS */;
INSERT INTO `product_size` VALUES (1,1,'Regular',50.00,NULL,0),(2,2,'Regular',25.00,NULL,0),(3,2,'Small',15.00,NULL,0),(4,3,'Regular',25.00,NULL,0),(5,4,'Regular',20.00,NULL,0),(6,5,'Regular',25.00,NULL,0),(7,6,'Regular',30.00,NULL,0),(8,7,'Regular',35.00,NULL,0),(9,8,'Small',40.00,NULL,0),(10,8,'Regular',60.00,NULL,0),(11,8,'Large',100.00,NULL,0),(12,9,'Regular',25.00,NULL,0),(13,1,'Small',25.00,NULL,0),(14,10,'Regular',10.00,NULL,0),(15,11,'Regular',20.00,NULL,0),(16,12,'Regular',35.00,NULL,0),(17,13,'Regular',50.00,NULL,0),(18,14,'Regular',10.00,NULL,0),(19,15,'Regular',50.00,NULL,0),(20,16,'Regular',10.00,NULL,0),(21,15,'Small',25.00,NULL,0),(22,15,'Large',35.00,NULL,0),(23,17,'Regular',30.00,NULL,0),(24,18,'Regular',20.00,NULL,0),(25,18,'Small',10.00,NULL,0),(26,19,'Regular',100.00,NULL,0),(27,19,'Small',50.00,NULL,0),(28,20,'Regular',80.00,NULL,0),(29,20,'Small',40.00,NULL,0),(30,21,'Regular',10.00,NULL,0),(31,12,'Small',20.00,NULL,0),(32,12,'Large',50.00,NULL,0),(33,22,'Regular',5.00,NULL,0),(34,23,'Regular',25.00,NULL,0),(35,24,'Regular',10.00,NULL,0),(36,25,'Regular',7.00,NULL,0),(37,26,'Regular',40.00,NULL,0),(38,27,'Regular',10.00,NULL,0),(39,28,'Regular',20.00,NULL,0),(40,29,'Regular',10.00,NULL,0),(41,30,'Regular',110.00,NULL,0),(42,31,'Regular',50.00,NULL,0),(43,32,'Regular',50.00,NULL,0),(44,33,'Regular',10.00,NULL,0),(45,34,'Regular',10.00,NULL,0),(46,35,'Regular',20.00,NULL,0),(47,36,'Regular',10.00,NULL,0),(48,37,'Regular',10.00,NULL,0),(49,38,'Regular',15.00,NULL,0),(50,39,'Regular',10.00,NULL,0),(51,40,'Regular',200.00,NULL,0),(52,41,'Regular',150.00,NULL,0),(53,42,'Regular',150.00,NULL,0),(54,43,'Regular',10.00,NULL,0),(55,44,'Regular',10.00,NULL,0),(56,34,'Small',120.00,NULL,0),(57,34,'Large',120.00,NULL,0),(58,45,'Regular',100.00,NULL,0),(59,45,'Large',120.00,NULL,0),(60,45,'Small',120.00,NULL,0);
/*!40000 ALTER TABLE `product_size` ENABLE KEYS */;
UNLOCK TABLES;

--
-- Table structure for table `product_sub_product_mapping`
--

DROP TABLE IF EXISTS `product_sub_product_mapping`;
/*!40101 SET @saved_cs_client     = @@character_set_client */;
/*!40101 SET character_set_client = utf8 */;
CREATE TABLE `product_sub_product_mapping` (
  `id` int(11) NOT NULL AUTO_INCREMENT,
  `product_id` int(11) NOT NULL,
  `sub_product_id` int(11) NOT NULL,
  PRIMARY KEY (`id`)
) ENGINE=InnoDB DEFAULT CHARSET=utf8;
/*!40101 SET character_set_client = @saved_cs_client */;

--
-- Dumping data for table `product_sub_product_mapping`
--

LOCK TABLES `product_sub_product_mapping` WRITE;
/*!40000 ALTER TABLE `product_sub_product_mapping` DISABLE KEYS */;
/*!40000 ALTER TABLE `product_sub_product_mapping` ENABLE KEYS */;
UNLOCK TABLES;

--
-- Table structure for table `product_tag`
--

DROP TABLE IF EXISTS `product_tag`;
/*!40101 SET @saved_cs_client     = @@character_set_client */;
/*!40101 SET character_set_client = utf8 */;
CREATE TABLE `product_tag` (
  `id` int(11) NOT NULL AUTO_INCREMENT,
  `restaurant_id` int(11) NOT NULL,
  `product_id` int(11) NOT NULL,
  `tag_name` varchar(512) NOT NULL,
  PRIMARY KEY (`id`)
) ENGINE=InnoDB DEFAULT CHARSET=utf8;
/*!40101 SET character_set_client = @saved_cs_client */;

--
-- Dumping data for table `product_tag`
--

LOCK TABLES `product_tag` WRITE;
/*!40000 ALTER TABLE `product_tag` DISABLE KEYS */;
/*!40000 ALTER TABLE `product_tag` ENABLE KEYS */;
UNLOCK TABLES;

--
-- Table structure for table `product_user_review`
--

DROP TABLE IF EXISTS `product_user_review`;
/*!40101 SET @saved_cs_client     = @@character_set_client */;
/*!40101 SET character_set_client = utf8 */;
CREATE TABLE `product_user_review` (
  `id` int(11) NOT NULL AUTO_INCREMENT,
  `product_rating` int(11) DEFAULT NULL,
  `product_review` varchar(512) DEFAULT NULL,
  `app_user_order_id` int(11) NOT NULL,
  `product_id` int(11) NOT NULL,
  `app_user_id` int(11) NOT NULL,
  `created` datetime DEFAULT NULL,
  `modified` datetime DEFAULT NULL,
  PRIMARY KEY (`id`)
) ENGINE=InnoDB DEFAULT CHARSET=utf8;
/*!40101 SET character_set_client = @saved_cs_client */;

--
-- Dumping data for table `product_user_review`
--

LOCK TABLES `product_user_review` WRITE;
/*!40000 ALTER TABLE `product_user_review` DISABLE KEYS */;
/*!40000 ALTER TABLE `product_user_review` ENABLE KEYS */;
UNLOCK TABLES;

--
-- Table structure for table `promotion`
--

DROP TABLE IF EXISTS `promotion`;
/*!40101 SET @saved_cs_client     = @@character_set_client */;
/*!40101 SET character_set_client = utf8 */;
CREATE TABLE `promotion` (
  `id` int(11) NOT NULL AUTO_INCREMENT,
  `restaurant_id` int(11) NOT NULL,
  `promotion_name` varchar(512) NOT NULL,
  `promotion_image` varchar(512) NOT NULL,
  `promo_description` text,
  `from_date` datetime NOT NULL,
  `to_date` datetime NOT NULL,
  `price` decimal(9,2) NOT NULL,
  `status` tinyint(1) DEFAULT NULL,
  `created` datetime DEFAULT NULL,
  `modified` datetime DEFAULT NULL,
  `deleted` tinyint(1) NOT NULL,
  PRIMARY KEY (`id`)
) ENGINE=InnoDB DEFAULT CHARSET=utf8;
/*!40101 SET character_set_client = @saved_cs_client */;

--
-- Dumping data for table `promotion`
--

LOCK TABLES `promotion` WRITE;
/*!40000 ALTER TABLE `promotion` DISABLE KEYS */;
/*!40000 ALTER TABLE `promotion` ENABLE KEYS */;
UNLOCK TABLES;

--
-- Table structure for table `promotion_product`
--

DROP TABLE IF EXISTS `promotion_product`;
/*!40101 SET @saved_cs_client     = @@character_set_client */;
/*!40101 SET character_set_client = utf8 */;
CREATE TABLE `promotion_product` (
  `id` int(11) NOT NULL AUTO_INCREMENT,
  `promotion_id` int(11) NOT NULL,
  `product_id` int(11) NOT NULL,
  `created` datetime DEFAULT NULL,
  `modified` datetime DEFAULT NULL,
  PRIMARY KEY (`id`)
) ENGINE=InnoDB DEFAULT CHARSET=utf8;
/*!40101 SET character_set_client = @saved_cs_client */;

--
-- Dumping data for table `promotion_product`
--

LOCK TABLES `promotion_product` WRITE;
/*!40000 ALTER TABLE `promotion_product` DISABLE KEYS */;
/*!40000 ALTER TABLE `promotion_product` ENABLE KEYS */;
UNLOCK TABLES;

--
-- Table structure for table `report_abuse`
--

DROP TABLE IF EXISTS `report_abuse`;
/*!40101 SET @saved_cs_client     = @@character_set_client */;
/*!40101 SET character_set_client = utf8 */;
CREATE TABLE `report_abuse` (
  `id` int(11) NOT NULL AUTO_INCREMENT,
  `flick_id` int(11) NOT NULL,
  `restaurant_id` int(11) NOT NULL,
  `message` varchar(512) NOT NULL,
  `report_abused_by` int(11) NOT NULL,
  `report_type` varchar(512) NOT NULL,
  `created` datetime DEFAULT NULL,
  `modified` datetime DEFAULT NULL,
  PRIMARY KEY (`id`)
) ENGINE=InnoDB DEFAULT CHARSET=utf8;
/*!40101 SET character_set_client = @saved_cs_client */;

--
-- Dumping data for table `report_abuse`
--

LOCK TABLES `report_abuse` WRITE;
/*!40000 ALTER TABLE `report_abuse` DISABLE KEYS */;
/*!40000 ALTER TABLE `report_abuse` ENABLE KEYS */;
UNLOCK TABLES;

--
-- Table structure for table `restaurant`
--

DROP TABLE IF EXISTS `restaurant`;
/*!40101 SET @saved_cs_client     = @@character_set_client */;
/*!40101 SET character_set_client = utf8 */;
CREATE TABLE `restaurant` (
  `id` int(11) NOT NULL AUTO_INCREMENT,
  `password` varchar(512) DEFAULT NULL,
  `on_trial` tinyint(1) DEFAULT NULL,
  `restaurant_name` varchar(200) DEFAULT NULL,
  `zmato_id` int(11) DEFAULT NULL,
  `about_restaurant` text,
  `address` text,
  `contact_no` varchar(500) DEFAULT NULL,
  `locality` varchar(200) DEFAULT NULL,
  `city_id` int(11) DEFAULT NULL,
  `country_id` int(11) NOT NULL,
  `zipcode` varchar(10) DEFAULT NULL,
  `latitude` varchar(50) DEFAULT NULL,
  `longitude` varchar(50) DEFAULT NULL,
  `website_url` varchar(255) DEFAULT NULL,
  `restaurant_image` varchar(200) DEFAULT NULL,
  `overall_rating` decimal(9,2) DEFAULT NULL,
  `is_favourite` tinyint(1) DEFAULT NULL,
  `favourite_score` int(11) DEFAULT NULL,
  `qr_code` varchar(200) DEFAULT NULL,
  `points_to_money` int(11) DEFAULT NULL,
  `free_wifi` tinyint(1) DEFAULT NULL,
  `delivery_time` int(11) DEFAULT NULL,
  `location` point DEFAULT NULL,
  `open_at` datetime DEFAULT NULL,
  `close_at` datetime DEFAULT NULL,
  `total_post` int(11) DEFAULT NULL,
  `no_of_followers` int(11) DEFAULT NULL,
  `no_of_reviews` int(11) DEFAULT NULL,
  `no_of_check_in` int(11) DEFAULT NULL,
  `delivery_radius` decimal(9,2) DEFAULT NULL,
  `delivery_charges` decimal(9,2) DEFAULT NULL,
  `total_seats` int(5) DEFAULT NULL,
  `cuisines_available` varchar(255) DEFAULT NULL,
  `delivery_options` varchar(255) DEFAULT NULL,
  `realm` varchar(512) DEFAULT NULL,
  `username` varchar(512) DEFAULT NULL,
  `credentials` text,
  `challenges` text,
  `email` varchar(200) DEFAULT NULL,
  `emailVerified` tinyint(1) DEFAULT NULL,
  `verificationToken` varchar(512) DEFAULT NULL,
  `status` varchar(512) DEFAULT NULL,
  `created` datetime DEFAULT NULL,
  `lastUpdated` datetime DEFAULT NULL,
  `modified` datetime DEFAULT NULL,
  `referred_by` int(11) DEFAULT NULL,
  `open_at2` datetime DEFAULT NULL,
  `close_on_dow` varchar(255) NOT NULL,
  `close_at2` datetime DEFAULT NULL,
  `min_order_amt` decimal(9,2) DEFAULT NULL,
  `second_open_close` tinyint(1) NOT NULL,
  `del_list` tinyint(1) NOT NULL,
  `is_sponsored` tinyint(1) NOT NULL,
  `company_no` varchar(30) DEFAULT NULL,
  `mobile_no` varchar(512) NOT NULL,
  `referral_code` varchar(200) NOT NULL,
  `full_name` varchar(200) DEFAULT NULL,
  `chef_video` varchar(200) DEFAULT NULL,
  `tmp_pass` varchar(512) DEFAULT NULL,
  `handle` varchar(255) DEFAULT NULL,
  `chef_video_image` varchar(200) DEFAULT NULL,
  `price_for_two` decimal(9,2) DEFAULT NULL,
  `active` tinyint(1) NOT NULL,
  `restaurant_type` int(1) NOT NULL,
  `kyc_completed` tinyint(1) NOT NULL,
  `profile_image` varchar(200) DEFAULT NULL,
  `time_zone_id` int(11) DEFAULT NULL,
  `otp` int(11) DEFAULT NULL,
  `otp_generated_at` datetime DEFAULT NULL,
  PRIMARY KEY (`id`)
) ENGINE=InnoDB AUTO_INCREMENT=16 DEFAULT CHARSET=utf8;
/*!40101 SET character_set_client = @saved_cs_client */;

--
-- Dumping data for table `restaurant`
--

LOCK TABLES `restaurant` WRITE;
/*!40000 ALTER TABLE `restaurant` DISABLE KEYS */;
INSERT INTO `restaurant` VALUES (1,'$2a$10$1eR6oCbTDQzXx0MpKPi3muSL03LWS0.CVJndNCs6TTKF7QhtKEn6a',0,'Famous Cafe',NULL,NULL,'Pune, Maharashtra, India','1234567890','Pune',2,1,'411057','18.5796039','73.73868790000006',NULL,'image-1582624016472-images-(15).jpeg',3.37,0,0,NULL,0,0,0,'\0\0\0\0\0\0\0Q\"\\`2@\FoR@','1899-12-31 02:08:50','1899-12-31 17:08:50',0,1,4,0,NULL,NULL,0,'2,3,4','2,3',NULL,NULL,NULL,NULL,'prabhudev@yopmail.com',NULL,NULL,NULL,'2019-07-29 05:52:54',NULL,'2020-02-25 09:46:56',NULL,'1899-12-31 12:38:50','7','2019-08-28 17:30:00',NULL,1,0,1,NULL,'+918805052691','c97d67','Prabhu Chaudhari','image-1568883106333-demo.mp4','5753','a','intro-88509.png',NULL,1,1,1,'image-1568882840884-demo.png',2,NULL,NULL),(2,'$2a$10$Jm5nxT/FV/IF.VYbslDQLujkuOCwtTsVW1j4ePvme4gcCG6zqHULy',0,'Sweet Cafe',NULL,NULL,'Neosoft Technologies, Blue Ridge Town Pune, Phase 1, Hinjewadi Rajiv Gandhi Infotech Park, Hinjawadi, Pune, Maharashtra, India','1234567890',NULL,0,1,NULL,'18.5796039','73.73868790000006',NULL,'image-1566481398536-photo-1414235077428-338989a2e8c0-1.jpeg',NULL,0,0,NULL,0,0,0,'\0\0\0\0\0\0\0$2@\\\\ZoR@','1899-12-31 02:38:50','1899-12-31 07:23:50',0,1,2,0,NULL,NULL,0,NULL,'1',NULL,NULL,NULL,NULL,'rajk12@yopmail.com',NULL,NULL,NULL,'2019-07-29 09:49:20',NULL,'2019-09-20 12:29:20',NULL,'1899-12-31 09:38:50','7','1899-12-31 12:38:50',NULL,0,0,1,NULL,'+918077149430','01f0e8','Vishal Ghadge','image-1564467172304-vid_20190730_114151.mp4','4602',NULL,'intro-63549.png',NULL,1,1,1,'image-1565151825827-img_20190702_132749.jpg',2,NULL,NULL),(10,'$2a$10$qxg4q3Wi3RvGkWx1JNuXAeveiYMlE3JojoYMe5332LXCzbSPyW0tO',0,'Spotcrunch',NULL,NULL,'Sydney','',NULL,0,2,NULL,'-33.8688197','151.20929550000005',NULL,NULL,NULL,0,0,NULL,0,0,0,'\0\0\0\0\0\0\0n\\{5\@hy\b@',NULL,NULL,0,0,0,0,NULL,NULL,0,NULL,'1',NULL,NULL,NULL,NULL,'plepeninteractive@gmail.com',NULL,NULL,NULL,'2019-08-14 04:59:52',NULL,'2019-08-14 05:01:53',NULL,NULL,'7',NULL,NULL,0,0,1,'12345','+610421930668','48b48c','Ramesh',NULL,'1580',NULL,NULL,NULL,1,1,0,NULL,2,NULL,NULL),(11,'$2a$10$D10WSO5BQa0oSG0jdONKZO49chM6q9Vh10WeRBPI/K..GA.ra0SXS',0,'Enjdjdjjd',NULL,NULL,'Pune','6595959959',NULL,0,1,NULL,'18.5204303','73.85674369999992',NULL,NULL,NULL,0,0,NULL,0,0,0,'\0\0\0\0\0\0\0X\:2@p#\\vR@',NULL,NULL,0,0,0,0,NULL,NULL,0,NULL,'1',NULL,NULL,NULL,NULL,'ueuue@udddjdd.djd',NULL,NULL,NULL,'2019-09-11 04:34:42',NULL,'2019-09-11 04:37:46',NULL,NULL,'7',NULL,NULL,0,0,1,'773747747474','+918668638649','17cb8c','Djdjjd',NULL,'3231',NULL,NULL,NULL,1,1,0,NULL,NULL,NULL,NULL),(12,'$2a$10$gyZRQRY/LkMfCVscJybo6Of/0mGN.Jpwti5oIHo2M4pTTrppNAnhe',0,'Zapdish',NULL,NULL,'1 martin','',NULL,0,2,NULL,'36.3443905','-88.85157500000003',NULL,NULL,NULL,0,0,NULL,0,0,0,'\0\0\0\0\0\0\0\F\,B@\\m46V',NULL,NULL,0,0,0,0,NULL,NULL,0,NULL,'Pick up only',NULL,NULL,NULL,NULL,'ramesh@spotcrunch.com',NULL,NULL,NULL,'2019-09-17 12:03:00',NULL,'2019-09-17 12:38:49',NULL,NULL,'7',NULL,NULL,0,0,1,'','+61421930668','e75e36','Ramesh',NULL,'8391',NULL,NULL,NULL,1,1,0,NULL,2,NULL,NULL),(14,'$2a$10$nkm.nOU1KaQMhXqLNLcDR.jpJmnxoTlgzUIkCDu3MjRipX/2HDqBu',0,'Gajanan',NULL,NULL,'Neosoft Technologies, Blue Ridge Town Pune, Phase 1, Hinjewadi Rajiv Gandhi Infotech Park, Hinjawadi, Pune, Maharashtra, India','1234567890',NULL,0,1,NULL,'18.5796039','73.73868790000006',NULL,NULL,5.00,0,0,NULL,0,0,0,'\0\0\0\0\0\0\0Q\"\\`2@\FoR@',NULL,NULL,0,0,1,0,NULL,NULL,0,NULL,'2,3',NULL,NULL,NULL,NULL,'niraj@yopmail.com',NULL,NULL,NULL,'2019-09-20 13:17:03',NULL,'2019-09-20 13:28:23',NULL,NULL,'7',NULL,NULL,0,0,1,'','+918329751920','9321ea','Yogesh',NULL,'9795',NULL,NULL,NULL,1,1,1,NULL,2,NULL,NULL),(15,'$2a$10$Ja2WIk3xkzUFeC.FBG9iSusE6z3lg6J6AeEfxgYnRyfPuYwwpte7S',0,NULL,NULL,NULL,NULL,NULL,NULL,NULL,1,NULL,NULL,NULL,NULL,NULL,5.00,0,0,NULL,0,0,0,'\0\0\0\0\0\0\0Q\"\\`2@O\"oR@',NULL,NULL,0,0,1,0,NULL,NULL,0,NULL,'2',NULL,NULL,NULL,NULL,'sumit-munot@yopmail.com',NULL,NULL,NULL,'2019-10-08 14:57:27',NULL,'2019-10-08 14:57:45',NULL,NULL,'7',NULL,NULL,0,0,1,NULL,'+918087303561','2acf33',NULL,NULL,'5862',NULL,NULL,NULL,1,1,0,NULL,NULL,NULL,NULL);
/*!40000 ALTER TABLE `restaurant` ENABLE KEYS */;
UNLOCK TABLES;

--
-- Table structure for table `restaurant_admin_mobile_user`
--

DROP TABLE IF EXISTS `restaurant_admin_mobile_user`;
/*!40101 SET @saved_cs_client     = @@character_set_client */;
/*!40101 SET character_set_client = utf8 */;
CREATE TABLE `restaurant_admin_mobile_user` (
  `id` int(11) NOT NULL AUTO_INCREMENT,
  `restaurant_id` int(11) NOT NULL,
  `app_user_id` int(11) NOT NULL,
  `created` datetime DEFAULT NULL,
  `modified` datetime DEFAULT NULL,
  PRIMARY KEY (`id`)
) ENGINE=InnoDB DEFAULT CHARSET=utf8;
/*!40101 SET character_set_client = @saved_cs_client */;

--
-- Dumping data for table `restaurant_admin_mobile_user`
--

LOCK TABLES `restaurant_admin_mobile_user` WRITE;
/*!40000 ALTER TABLE `restaurant_admin_mobile_user` DISABLE KEYS */;
/*!40000 ALTER TABLE `restaurant_admin_mobile_user` ENABLE KEYS */;
UNLOCK TABLES;

--
-- Table structure for table `restaurant_feed`
--

DROP TABLE IF EXISTS `restaurant_feed`;
/*!40101 SET @saved_cs_client     = @@character_set_client */;
/*!40101 SET character_set_client = utf8 */;
CREATE TABLE `restaurant_feed` (
  `id` int(11) NOT NULL AUTO_INCREMENT,
  `file_name` varchar(512) NOT NULL,
  `message` varchar(512) DEFAULT NULL,
  `file_type` varchar(512) DEFAULT NULL,
  `file_size` int(11) DEFAULT NULL,
  `published` tinyint(1) DEFAULT NULL,
  `restaurant_id` int(11) NOT NULL,
  `product_id` int(11) DEFAULT NULL,
  `created` datetime DEFAULT NULL,
  `modified` datetime DEFAULT NULL,
  PRIMARY KEY (`id`)
) ENGINE=InnoDB DEFAULT CHARSET=utf8;
/*!40101 SET character_set_client = @saved_cs_client */;

--
-- Dumping data for table `restaurant_feed`
--

LOCK TABLES `restaurant_feed` WRITE;
/*!40000 ALTER TABLE `restaurant_feed` DISABLE KEYS */;
/*!40000 ALTER TABLE `restaurant_feed` ENABLE KEYS */;
UNLOCK TABLES;

--
-- Table structure for table `restaurant_following_user`
--

DROP TABLE IF EXISTS `restaurant_following_user`;
/*!40101 SET @saved_cs_client     = @@character_set_client */;
/*!40101 SET character_set_client = utf8 */;
CREATE TABLE `restaurant_following_user` (
  `id` int(11) NOT NULL AUTO_INCREMENT,
  `restaurant_id` int(11) NOT NULL,
  `app_user_id` int(11) NOT NULL,
  `status` tinyint(1) NOT NULL,
  `created` datetime DEFAULT NULL,
  `modified` datetime DEFAULT NULL,
  PRIMARY KEY (`id`)
) ENGINE=InnoDB AUTO_INCREMENT=4 DEFAULT CHARSET=utf8;
/*!40101 SET character_set_client = @saved_cs_client */;

--
-- Dumping data for table `restaurant_following_user`
--

LOCK TABLES `restaurant_following_user` WRITE;
/*!40000 ALTER TABLE `restaurant_following_user` DISABLE KEYS */;
INSERT INTO `restaurant_following_user` VALUES (1,2,4,1,'2019-08-09 10:01:02','2019-08-09 10:01:02'),(2,1,4,0,'2019-08-22 17:16:25','2019-08-22 17:16:25'),(3,1,1,1,'2020-02-18 03:48:43','2020-02-18 03:48:43');
/*!40000 ALTER TABLE `restaurant_following_user` ENABLE KEYS */;
UNLOCK TABLES;

--
-- Table structure for table `restaurant_kitchen_image`
--

DROP TABLE IF EXISTS `restaurant_kitchen_image`;
/*!40101 SET @saved_cs_client     = @@character_set_client */;
/*!40101 SET character_set_client = utf8 */;
CREATE TABLE `restaurant_kitchen_image` (
  `id` int(11) NOT NULL AUTO_INCREMENT,
  `file_name` varchar(512) NOT NULL,
  `restaurant_id` int(11) NOT NULL,
  `created` datetime DEFAULT NULL,
  `modified` datetime DEFAULT NULL,
  PRIMARY KEY (`id`)
) ENGINE=InnoDB AUTO_INCREMENT=10 DEFAULT CHARSET=utf8;
/*!40101 SET character_set_client = @saved_cs_client */;

--
-- Dumping data for table `restaurant_kitchen_image`
--

LOCK TABLES `restaurant_kitchen_image` WRITE;
/*!40000 ALTER TABLE `restaurant_kitchen_image` DISABLE KEYS */;
INSERT INTO `restaurant_kitchen_image` VALUES (2,'image-1565259682031-1565259670870.jpg',1,'2019-08-08 10:21:22','2019-08-08 10:21:22'),(3,'image-1565262281129-img_20190808_163412.jpg',1,'2019-08-08 11:04:41','2019-08-08 11:04:41'),(4,'image-1565599167001-img_20190808_163412.jpg',7,'2019-08-12 08:39:27','2019-08-12 08:39:27'),(5,'image-1565680751625-images.jpeg',9,'2019-08-13 07:19:11','2019-08-13 07:19:11'),(6,'image-1568883037564-appicon.png',1,'2019-09-19 08:50:37','2019-09-19 08:50:37'),(7,'image-1581337674459-screen-shot-2020-02-10-at-5.57.16-pm.png',1,'2020-02-10 12:27:54','2020-02-10 12:27:54'),(8,'image-1581337877377-screenshot-from-2020-02-06-11-54-51.jpg',0,'2020-02-10 12:31:17','2020-02-10 12:31:17'),(9,'image-1581998402133-photo-1540189549336-e6e99c3679fe.jpeg',0,'2020-02-18 04:00:02','2020-02-18 04:00:02');
/*!40000 ALTER TABLE `restaurant_kitchen_image` ENABLE KEYS */;
UNLOCK TABLES;

--
-- Table structure for table `restaurant_kyc`
--

DROP TABLE IF EXISTS `restaurant_kyc`;
/*!40101 SET @saved_cs_client     = @@character_set_client */;
/*!40101 SET character_set_client = utf8 */;
CREATE TABLE `restaurant_kyc` (
  `id` int(11) NOT NULL AUTO_INCREMENT,
  `restaurant_id` int(11) NOT NULL,
  `resident_proof_name` varchar(512) NOT NULL,
  `resident_proof_file` varchar(512) DEFAULT NULL,
  `personal_statement` varchar(512) DEFAULT NULL,
  `created` datetime DEFAULT NULL,
  `modified` datetime DEFAULT NULL,
  PRIMARY KEY (`id`)
) ENGINE=InnoDB AUTO_INCREMENT=6 DEFAULT CHARSET=utf8;
/*!40101 SET character_set_client = @saved_cs_client */;

--
-- Dumping data for table `restaurant_kyc`
--

LOCK TABLES `restaurant_kyc` WRITE;
/*!40000 ALTER TABLE `restaurant_kyc` DISABLE KEYS */;
INSERT INTO `restaurant_kyc` VALUES (1,2,'Adhar','image-1565152285622-1565152281044.jpg','hello','2019-08-07 04:21:47','2020-02-18 03:59:10'),(2,1,'Testing','image-1565333330083-.pic.jpg',NULL,'2019-08-09 06:48:50','2019-08-09 06:48:50'),(3,7,'Adhar','image-1565599149782-1565599137621.jpg',NULL,'2019-08-12 08:39:10','2019-08-12 08:39:10'),(4,8,'Adhat','image-1565676622317-1565676583637.jpg','Pick up order at home','2019-08-13 06:10:22','2019-08-13 06:10:45'),(5,9,'Adhar','image-1565680739670-img_20190702_131353.jpg',NULL,'2019-08-13 07:19:00','2019-08-13 07:19:00');
/*!40000 ALTER TABLE `restaurant_kyc` ENABLE KEYS */;
UNLOCK TABLES;

--
-- Table structure for table `restaurant_referral`
--

DROP TABLE IF EXISTS `restaurant_referral`;
/*!40101 SET @saved_cs_client     = @@character_set_client */;
/*!40101 SET character_set_client = utf8 */;
CREATE TABLE `restaurant_referral` (
  `id` int(11) NOT NULL AUTO_INCREMENT,
  `app_user_id` int(11) NOT NULL,
  `restaurant_id` int(11) NOT NULL,
  PRIMARY KEY (`id`)
) ENGINE=InnoDB DEFAULT CHARSET=utf8;
/*!40101 SET character_set_client = @saved_cs_client */;

--
-- Dumping data for table `restaurant_referral`
--

LOCK TABLES `restaurant_referral` WRITE;
/*!40000 ALTER TABLE `restaurant_referral` DISABLE KEYS */;
/*!40000 ALTER TABLE `restaurant_referral` ENABLE KEYS */;
UNLOCK TABLES;

--
-- Table structure for table `restaurant_tax`
--

DROP TABLE IF EXISTS `restaurant_tax`;
/*!40101 SET @saved_cs_client     = @@character_set_client */;
/*!40101 SET character_set_client = utf8 */;
CREATE TABLE `restaurant_tax` (
  `id` int(11) NOT NULL AUTO_INCREMENT,
  `restaurant_id` int(11) NOT NULL,
  `tax_id` int(11) NOT NULL,
  `tax_percentage` decimal(9,2) NOT NULL,
  `description` text,
  `created` datetime DEFAULT NULL,
  `modified` datetime DEFAULT NULL,
  PRIMARY KEY (`id`)
) ENGINE=InnoDB DEFAULT CHARSET=utf8;
/*!40101 SET character_set_client = @saved_cs_client */;

--
-- Dumping data for table `restaurant_tax`
--

LOCK TABLES `restaurant_tax` WRITE;
/*!40000 ALTER TABLE `restaurant_tax` DISABLE KEYS */;
/*!40000 ALTER TABLE `restaurant_tax` ENABLE KEYS */;
UNLOCK TABLES;

--
-- Table structure for table `restaurant_user_review`
--

DROP TABLE IF EXISTS `restaurant_user_review`;
/*!40101 SET @saved_cs_client     = @@character_set_client */;
/*!40101 SET character_set_client = utf8 */;
CREATE TABLE `restaurant_user_review` (
  `id` int(11) NOT NULL AUTO_INCREMENT,
  `restaurant_id` int(11) NOT NULL,
  `app_user_id` int(11) NOT NULL,
  `app_user_order_id` int(11) NOT NULL,
  `rating` int(11) NOT NULL,
  `review` text,
  `created` datetime DEFAULT NULL,
  `modified` datetime DEFAULT NULL,
  `restaurant_comment` text,
  PRIMARY KEY (`id`)
) ENGINE=InnoDB AUTO_INCREMENT=68 DEFAULT CHARSET=utf8;
/*!40101 SET character_set_client = @saved_cs_client */;

--
-- Dumping data for table `restaurant_user_review`
--

LOCK TABLES `restaurant_user_review` WRITE;
/*!40000 ALTER TABLE `restaurant_user_review` DISABLE KEYS */;
INSERT INTO `restaurant_user_review` VALUES (1,1,1,1,4,'tested review added from db','2019-08-06 12:34:48',NULL,NULL),(2,2,1,1,4,'tested review added from db',NULL,NULL,NULL),(3,4,1,1,4,'tested review added from db',NULL,NULL,NULL),(4,0,0,0,0,'string','2019-08-08 00:00:00','2019-08-08 12:52:26','string'),(5,1,1,1,1,NULL,'2019-08-09 12:13:01','2019-08-09 12:13:01',NULL),(6,1,4,9,4,NULL,'2019-08-09 12:45:30','2019-08-09 12:45:30',NULL),(7,2,4,14,3,NULL,'2019-08-09 16:34:50','2019-08-09 16:34:50',NULL),(8,1,4,9,4,NULL,'2019-08-10 01:28:12','2019-08-10 01:28:12',NULL),(9,1,4,9,4,NULL,'2019-08-10 03:22:48','2019-08-10 03:22:48',NULL),(10,2,4,4,3,NULL,'2019-08-10 03:23:21','2019-08-10 03:23:21',NULL),(11,5,4,0,3,NULL,'2019-08-11 08:41:14','2019-08-11 08:41:14',NULL),(12,5,4,0,3,NULL,'2019-08-11 12:20:50','2019-08-11 12:20:50',NULL),(13,5,4,0,3,'Nice taste','2019-08-11 12:21:10','2019-08-11 12:21:10',NULL),(14,1,4,26,4,NULL,'2019-08-13 05:10:13','2019-08-13 05:10:13',NULL),(15,1,4,26,4,NULL,'2019-08-13 14:00:39','2019-08-13 14:00:39',NULL),(16,1,4,0,3,'Dummy review','2019-08-13 14:01:47','2019-08-13 14:01:47',NULL),(17,2,4,51,4,NULL,'2019-08-19 08:26:00','2019-08-19 08:26:00',NULL),(18,2,4,65,4,NULL,'2019-08-22 14:20:44','2019-08-22 14:20:44',NULL),(19,2,4,74,5,NULL,'2019-08-23 11:08:21','2019-08-23 11:08:21',NULL),(20,1,4,0,3,'dummy  data poseted','2019-08-28 05:22:29','2019-08-28 05:22:29',NULL),(21,2,4,97,4,NULL,'2019-08-29 11:24:45','2019-08-29 11:24:45',NULL),(22,2,4,97,4,NULL,'2019-08-29 11:24:52','2019-08-29 11:24:52',NULL),(23,2,4,97,3,NULL,'2019-08-29 11:25:04','2019-08-29 11:25:04',NULL),(24,2,4,94,5,NULL,'2019-08-29 11:30:06','2019-08-29 11:30:06',NULL),(25,2,4,97,3,NULL,'2019-08-30 09:15:53','2019-08-30 09:15:53',NULL),(26,2,4,97,3,NULL,'2019-08-30 09:16:06','2019-08-30 09:16:06',NULL),(27,1,15,108,3,NULL,'2019-09-06 08:27:17','2019-09-06 08:27:17',NULL),(28,1,15,109,2,NULL,'2019-09-06 10:54:40','2019-09-06 10:54:40',NULL),(29,1,15,109,4,NULL,'2019-09-08 12:59:53','2019-09-08 12:59:53',NULL),(30,1,15,109,4,NULL,'2019-09-08 12:59:58','2019-09-08 12:59:58',NULL),(31,1,15,109,4,NULL,'2019-09-08 13:00:24','2019-09-08 13:00:24',NULL),(32,1,0,109,4,NULL,'2019-09-09 12:09:21','2019-09-09 12:09:21',NULL),(33,1,0,109,1,NULL,'2019-09-09 12:10:09','2019-09-09 12:10:09',NULL),(34,1,0,109,4,NULL,'2019-09-09 12:12:37','2019-09-09 12:12:37',NULL),(35,1,0,109,1,NULL,'2019-09-09 12:14:27','2019-09-09 12:14:27',NULL),(36,1,0,109,3,NULL,'2019-09-09 12:18:34','2019-09-09 12:18:34',NULL),(37,1,0,109,3,NULL,'2019-09-09 12:19:50','2019-09-09 12:19:50',NULL),(38,1,15,109,4,NULL,'2019-09-09 12:28:54','2019-09-09 12:28:54',NULL),(39,1,15,109,4,NULL,'2019-09-11 09:58:29','2019-09-11 09:58:29',NULL),(40,1,15,109,4,NULL,'2019-09-11 09:58:33','2019-09-11 09:58:33',NULL),(41,1,15,108,5,NULL,'2019-09-11 09:58:37','2019-09-11 09:58:37',NULL),(42,1,15,108,4,NULL,'2019-09-11 09:58:59','2019-09-11 09:58:59',NULL),(43,1,15,109,4,NULL,'2019-09-11 10:00:40','2019-09-11 10:00:40',NULL),(44,1,15,108,2,NULL,'2019-09-11 10:01:01','2019-09-11 10:01:01',NULL),(45,1,15,109,1,NULL,'2019-09-18 09:57:57','2019-09-18 09:57:57',NULL),(46,1,15,109,3,NULL,'2019-09-18 09:58:35','2019-09-18 09:58:35',NULL),(47,1,15,109,3,NULL,'2019-09-19 09:47:44','2019-09-19 09:47:44',NULL),(48,1,15,108,3,NULL,'2019-09-19 09:49:33','2019-09-19 09:49:33',NULL),(49,1,15,109,3,NULL,'2019-09-19 09:55:15','2019-09-19 09:55:15',NULL),(50,1,15,109,4,NULL,'2019-09-20 06:11:30','2019-09-20 06:11:30',NULL),(51,1,15,109,4,NULL,'2019-09-20 06:12:46','2019-09-20 06:12:46',NULL),(52,1,15,109,3,NULL,'2019-09-20 07:07:57','2019-09-20 07:07:57',NULL),(53,1,15,109,5,NULL,'2019-09-20 07:08:07','2019-09-20 07:08:07',NULL),(54,1,15,109,2,NULL,'2019-09-20 07:48:37','2019-09-20 07:48:37',NULL),(55,1,15,109,4,NULL,'2019-09-20 07:58:31','2019-09-20 07:58:31',NULL),(56,1,15,109,2,NULL,'2019-09-20 07:58:38','2019-09-20 07:58:38',NULL),(57,1,15,109,3,NULL,'2019-09-20 07:59:35','2019-09-20 07:59:35',NULL),(58,1,15,109,5,NULL,'2019-09-20 07:59:41','2019-09-20 07:59:41',NULL),(59,2,15,0,0,'Tttt','2019-09-20 12:29:20','2019-09-20 12:29:20',NULL),(60,14,18,-1,5,'this is best restaurant, feel home','2019-09-20 13:17:03','2019-09-20 13:17:03',NULL),(61,1,18,-1,5,'this is best restaurant, feel home',NULL,NULL,NULL),(62,2,18,-1,5,'this is best restaurant, feel home',NULL,NULL,NULL),(63,10,18,-1,5,'this is best restaurant, feel home',NULL,NULL,NULL),(64,11,18,-1,5,'this is best restaurant, feel home',NULL,NULL,NULL),(65,12,18,-1,5,'this is best restaurant, feel home',NULL,NULL,NULL),(66,1,15,109,4,NULL,'2019-09-22 13:15:13','2019-09-22 13:15:13',NULL),(67,15,18,-1,5,'this is best restaurant, feel home','2019-10-08 14:57:27','2019-10-08 14:57:27',NULL);
/*!40000 ALTER TABLE `restaurant_user_review` ENABLE KEYS */;
UNLOCK TABLES;

--
-- Table structure for table `reward_type`
--

DROP TABLE IF EXISTS `reward_type`;
/*!40101 SET @saved_cs_client     = @@character_set_client */;
/*!40101 SET character_set_client = utf8 */;
CREATE TABLE `reward_type` (
  `id` int(11) NOT NULL AUTO_INCREMENT,
  `reward_type_name` varchar(200) NOT NULL,
  `reward_points` int(11) NOT NULL,
  `flick_order` int(11) DEFAULT NULL,
  `created` datetime DEFAULT NULL,
  `modified` datetime DEFAULT NULL,
  PRIMARY KEY (`id`)
) ENGINE=InnoDB DEFAULT CHARSET=utf8;
/*!40101 SET character_set_client = @saved_cs_client */;

--
-- Dumping data for table `reward_type`
--

LOCK TABLES `reward_type` WRITE;
/*!40000 ALTER TABLE `reward_type` DISABLE KEYS */;
/*!40000 ALTER TABLE `reward_type` ENABLE KEYS */;
UNLOCK TABLES;

--
-- Table structure for table `setting`
--

DROP TABLE IF EXISTS `setting`;
/*!40101 SET @saved_cs_client     = @@character_set_client */;
/*!40101 SET character_set_client = utf8 */;
CREATE TABLE `setting` (
  `id` int(11) NOT NULL AUTO_INCREMENT,
  `allow_push_notification` tinyint(1) DEFAULT NULL,
  `app_user_id` int(11) NOT NULL,
  `created` datetime DEFAULT NULL,
  `modified` datetime DEFAULT NULL,
  PRIMARY KEY (`id`)
) ENGINE=InnoDB DEFAULT CHARSET=utf8;
/*!40101 SET character_set_client = @saved_cs_client */;

--
-- Dumping data for table `setting`
--

LOCK TABLES `setting` WRITE;
/*!40000 ALTER TABLE `setting` DISABLE KEYS */;
/*!40000 ALTER TABLE `setting` ENABLE KEYS */;
UNLOCK TABLES;

--
-- Table structure for table `sub_product`
--

DROP TABLE IF EXISTS `sub_product`;
/*!40101 SET @saved_cs_client     = @@character_set_client */;
/*!40101 SET character_set_client = utf8 */;
CREATE TABLE `sub_product` (
  `id` int(11) NOT NULL AUTO_INCREMENT,
  `restaurant_id` int(11) NOT NULL,
  `product_name` varchar(512) NOT NULL,
  `price` decimal(9,2) NOT NULL,
  `image` varchar(512) DEFAULT NULL,
  `weight` varchar(512) DEFAULT NULL,
  `description` varchar(512) DEFAULT NULL,
  `deleted` tinyint(1) NOT NULL,
  `created` datetime DEFAULT NULL,
  `modified` datetime DEFAULT NULL,
  `gst_taxable` tinyint(1) NOT NULL,
  `wet_taxable` tinyint(1) NOT NULL,
  PRIMARY KEY (`id`)
) ENGINE=InnoDB DEFAULT CHARSET=utf8;
/*!40101 SET character_set_client = @saved_cs_client */;

--
-- Dumping data for table `sub_product`
--

LOCK TABLES `sub_product` WRITE;
/*!40000 ALTER TABLE `sub_product` DISABLE KEYS */;
/*!40000 ALTER TABLE `sub_product` ENABLE KEYS */;
UNLOCK TABLES;

--
-- Table structure for table `sub_product_category_mapping`
--

DROP TABLE IF EXISTS `sub_product_category_mapping`;
/*!40101 SET @saved_cs_client     = @@character_set_client */;
/*!40101 SET character_set_client = utf8 */;
CREATE TABLE `sub_product_category_mapping` (
  `id` int(11) NOT NULL AUTO_INCREMENT,
  `sub_product_id` int(11) NOT NULL,
  `product_category_id` int(11) NOT NULL,
  `created` datetime DEFAULT NULL,
  `modified` datetime DEFAULT NULL,
  PRIMARY KEY (`id`)
) ENGINE=InnoDB DEFAULT CHARSET=utf8;
/*!40101 SET character_set_client = @saved_cs_client */;

--
-- Dumping data for table `sub_product_category_mapping`
--

LOCK TABLES `sub_product_category_mapping` WRITE;
/*!40000 ALTER TABLE `sub_product_category_mapping` DISABLE KEYS */;
/*!40000 ALTER TABLE `sub_product_category_mapping` ENABLE KEYS */;
UNLOCK TABLES;

--
-- Table structure for table `sysadmin_config`
--

DROP TABLE IF EXISTS `sysadmin_config`;
/*!40101 SET @saved_cs_client     = @@character_set_client */;
/*!40101 SET character_set_client = utf8 */;
CREATE TABLE `sysadmin_config` (
  `id` int(11) NOT NULL AUTO_INCREMENT,
  `config_name` varchar(100) NOT NULL,
  `config_value` text NOT NULL,
  `created` datetime DEFAULT NULL,
  `modified` datetime DEFAULT NULL,
  PRIMARY KEY (`id`)
) ENGINE=InnoDB AUTO_INCREMENT=10 DEFAULT CHARSET=utf8;
/*!40101 SET character_set_client = @saved_cs_client */;

--
-- Dumping data for table `sysadmin_config`
--

LOCK TABLES `sysadmin_config` WRITE;
/*!40000 ALTER TABLE `sysadmin_config` DISABLE KEYS */;
INSERT INTO `sysadmin_config` VALUES (1,'invite_sms','Connect with me on SpotCrunch. You can download it from the app store.','2016-12-13 10:05:25','2016-12-13 12:40:14'),(2,'admin_email','ramesh@spotcrunch.com','2016-12-13 10:06:17','2017-11-25 13:47:31'),(3,'ihf_percentage','2','2016-12-13 10:06:31','2016-12-13 10:06:31'),(4,'recommended_restaurant_search_radius','50','2016-12-13 10:06:43','2017-06-28 13:52:11'),(5,'restaurant_close_check_threshold','1','2016-12-28 13:19:05','2016-12-30 04:50:30'),(7,'order_feedback_send_push_notification_threshold','5','2016-12-30 06:46:27','2016-12-30 06:46:27'),(8,'search_restaurant_in_x_radius_matching_cuisine_list','50','2017-04-05 04:43:19','2017-04-05 14:02:40'),(9,'local_trending_radius','10',NULL,NULL);
/*!40000 ALTER TABLE `sysadmin_config` ENABLE KEYS */;
UNLOCK TABLES;

--
-- Table structure for table `tag`
--

DROP TABLE IF EXISTS `tag`;
/*!40101 SET @saved_cs_client     = @@character_set_client */;
/*!40101 SET character_set_client = utf8 */;
CREATE TABLE `tag` (
  `id` int(11) NOT NULL AUTO_INCREMENT,
  `tag_name` varchar(200) NOT NULL,
  `restaurant_id` int(11) NOT NULL,
  `status` int(1) NOT NULL,
  `count` int(11) NOT NULL,
  `created` datetime DEFAULT NULL,
  `modified` datetime DEFAULT NULL,
  `is_handle` tinyint(1) NOT NULL,
  PRIMARY KEY (`id`)
) ENGINE=InnoDB DEFAULT CHARSET=utf8;
/*!40101 SET character_set_client = @saved_cs_client */;

--
-- Dumping data for table `tag`
--

LOCK TABLES `tag` WRITE;
/*!40000 ALTER TABLE `tag` DISABLE KEYS */;
/*!40000 ALTER TABLE `tag` ENABLE KEYS */;
UNLOCK TABLES;

--
-- Table structure for table `tax`
--

DROP TABLE IF EXISTS `tax`;
/*!40101 SET @saved_cs_client     = @@character_set_client */;
/*!40101 SET character_set_client = utf8 */;
CREATE TABLE `tax` (
  `id` int(11) NOT NULL AUTO_INCREMENT,
  `tax_name` varchar(512) NOT NULL,
  `description` text,
  `created` datetime DEFAULT NULL,
  `modified` datetime DEFAULT NULL,
  `tax_slug` varchar(512) NOT NULL,
  `deleted` tinyint(1) NOT NULL,
  PRIMARY KEY (`id`)
) ENGINE=InnoDB DEFAULT CHARSET=utf8;
/*!40101 SET character_set_client = @saved_cs_client */;

--
-- Dumping data for table `tax`
--

LOCK TABLES `tax` WRITE;
/*!40000 ALTER TABLE `tax` DISABLE KEYS */;
/*!40000 ALTER TABLE `tax` ENABLE KEYS */;
UNLOCK TABLES;

--
-- Table structure for table `time_zone`
--

DROP TABLE IF EXISTS `time_zone`;
/*!40101 SET @saved_cs_client     = @@character_set_client */;
/*!40101 SET character_set_client = utf8 */;
CREATE TABLE `time_zone` (
  `id` int(11) NOT NULL AUTO_INCREMENT,
  `name` varchar(512) NOT NULL,
  `offset` int(11) NOT NULL,
  PRIMARY KEY (`id`)
) ENGINE=InnoDB AUTO_INCREMENT=3 DEFAULT CHARSET=utf8;
/*!40101 SET character_set_client = @saved_cs_client */;

--
-- Dumping data for table `time_zone`
--

LOCK TABLES `time_zone` WRITE;
/*!40000 ALTER TABLE `time_zone` DISABLE KEYS */;
INSERT INTO `time_zone` VALUES (2,'India - (UTC+05:30)',300);
/*!40000 ALTER TABLE `time_zone` ENABLE KEYS */;
UNLOCK TABLES;

--
-- Table structure for table `user_preference_cuisine`
--

DROP TABLE IF EXISTS `user_preference_cuisine`;
/*!40101 SET @saved_cs_client     = @@character_set_client */;
/*!40101 SET character_set_client = utf8 */;
CREATE TABLE `user_preference_cuisine` (
  `id` int(11) NOT NULL AUTO_INCREMENT,
  `selected_cuisine_ids` varchar(512) DEFAULT NULL,
  `app_user_id` int(11) NOT NULL,
  PRIMARY KEY (`id`)
) ENGINE=InnoDB DEFAULT CHARSET=utf8;
/*!40101 SET character_set_client = @saved_cs_client */;

--
-- Dumping data for table `user_preference_cuisine`
--

LOCK TABLES `user_preference_cuisine` WRITE;
/*!40000 ALTER TABLE `user_preference_cuisine` DISABLE KEYS */;
/*!40000 ALTER TABLE `user_preference_cuisine` ENABLE KEYS */;
UNLOCK TABLES;

--
-- Table structure for table `user_preference_product_feature`
--

DROP TABLE IF EXISTS `user_preference_product_feature`;
/*!40101 SET @saved_cs_client     = @@character_set_client */;
/*!40101 SET character_set_client = utf8 */;
CREATE TABLE `user_preference_product_feature` (
  `id` int(11) NOT NULL AUTO_INCREMENT,
  `app_user_id` int(11) NOT NULL,
  `selected_product_feature_image_ids` varchar(512) DEFAULT NULL,
  PRIMARY KEY (`id`)
) ENGINE=InnoDB DEFAULT CHARSET=utf8;
/*!40101 SET character_set_client = @saved_cs_client */;

--
-- Dumping data for table `user_preference_product_feature`
--

LOCK TABLES `user_preference_product_feature` WRITE;
/*!40000 ALTER TABLE `user_preference_product_feature` DISABLE KEYS */;
/*!40000 ALTER TABLE `user_preference_product_feature` ENABLE KEYS */;
UNLOCK TABLES;
/*!40103 SET TIME_ZONE=@OLD_TIME_ZONE */;

/*!40101 SET SQL_MODE=@OLD_SQL_MODE */;
/*!40014 SET FOREIGN_KEY_CHECKS=@OLD_FOREIGN_KEY_CHECKS */;
/*!40014 SET UNIQUE_CHECKS=@OLD_UNIQUE_CHECKS */;
/*!40101 SET CHARACTER_SET_CLIENT=@OLD_CHARACTER_SET_CLIENT */;
/*!40101 SET CHARACTER_SET_RESULTS=@OLD_CHARACTER_SET_RESULTS */;
/*!40101 SET COLLATION_CONNECTION=@OLD_COLLATION_CONNECTION */;
/*!40111 SET SQL_NOTES=@OLD_SQL_NOTES */;

-- Dump completed on 2020-02-27 10:27:37
